customer_id,churn_probability,churn_predicted,churn_actual,model_name,threshold
1,0.3949834515922654,0,0,logistic_regression,0.4643222903917078
2,0.4044407121045988,0,1,logistic_regression,0.4643222903917078
3,0.4003286192295766,0,0,logistic_regression,0.4643222903917078
4,0.46444513056706954,1,1,logistic_regression,0.4643222903917078
5,0.3256335252921829,0,1,logistic_regression,0.4643222903917078
6,0.3128824110355534,0,1,logistic_regression,0.4643222903917078
7,0.33015433328370325,0,0,logistic_regression,0.4643222903917078
8,0.4171673795715428,0,1,logistic_regression,0.4643222903917078
9,0.3398237458174282,0,1,logistic_regression,0.4643222903917078
10,0.40372988277909266,0,0,logistic_regression,0.4643222903917078
11,0.35203356287722726,0,1,logistic_regression,0.4643222903917078
12,0.42733444420993777,0,1,logistic_regression,0.4643222903917078
13,0.4226974420469805,0,1,logistic_regression,0.4643222903917078
14,0.3708835386885778,0,0,logistic_regression,0.4643222903917078
15,0.39529123384043635,0,1,logistic_regression,0.4643222903917078
16,0.415524988583786,0,1,logistic_regression,0.4643222903917078
17,0.3527700274376563,0,1,logistic_regression,0.4643222903917078
18,0.35883838961715714,0,0,logistic_regression,0.4643222903917078
19,0.40080279719492595,0,1,logistic_regression,0.4643222903917078
20,0.43219885865050417,0,0,logistic_regression,0.4643222903917078
21,0.370811401784094,0,1,logistic_regression,0.4643222903917078
22,0.33991593139672666,0,0,logistic_regression,0.4643222903917078
23,0.31542649695136576,0,0,logistic_regression,0.4643222903917078
24,0.32597501194853046,0,0,logistic_regression,0.4643222903917078
25,0.37007037089627715,0,1,logistic_regression,0.4643222903917078
26,0.3031408989460626,0,1,logistic_regression,0.4643222903917078
27,0.34610680929226356,0,1,logistic_regression,0.4643222903917078
28,0.36890096483220863,0,1,logistic_regression,0.4643222903917078
29,0.33031858318576035,0,1,logistic_regression,0.4643222903917078
30,0.3714872721203099,0,1,logistic_regression,0.4643222903917078
31,0.37567997525462976,0,1,logistic_regression,0.4643222903917078
32,0.30075810438823386,0,1,logistic_regression,0.4643222903917078
33,0.3616460107995992,0,0,logistic_regression,0.4643222903917078
34,0.3489064492173715,0,1,logistic_regression,0.4643222903917078
35,0.32925362703932576,0,0,logistic_regression,0.4643222903917078
36,0.35059759639329047,0,0,logistic_regression,0.4643222903917078
37,0.383815911009127,0,1,logistic_regression,0.4643222903917078
38,0.3710487578219068,0,0,logistic_regression,0.4643222903917078
39,0.420774129542583,0,1,logistic_regression,0.4643222903917078
40,0.3811369480843122,0,0,logistic_regression,0.4643222903917078
41,0.3808096820975455,0,1,logistic_regression,0.4643222903917078
42,0.3033145642252249,0,0,logistic_regression,0.4643222903917078
43,0.371867812066304,0,0,logistic_regression,0.4643222903917078
44,0.37511100598202207,0,1,logistic_regression,0.4643222903917078
45,0.3834042888344938,0,1,logistic_regression,0.4643222903917078
46,0.4585420735303526,0,1,logistic_regression,0.4643222903917078
47,0.42517769283838364,0,0,logistic_regression,0.4643222903917078
48,0.29716039175257575,0,0,logistic_regression,0.4643222903917078
49,0.3996409964078278,0,0,logistic_regression,0.4643222903917078
50,0.3553216260369244,0,1,logistic_regression,0.4643222903917078
51,0.4105973845743989,0,1,logistic_regression,0.4643222903917078
52,0.4427140053810039,0,1,logistic_regression,0.4643222903917078
53,0.36139777229166603,0,1,logistic_regression,0.4643222903917078
54,0.4332876101862116,0,1,logistic_regression,0.4643222903917078
55,0.405943580064272,0,0,logistic_regression,0.4643222903917078
56,0.37383821730899,0,1,logistic_regression,0.4643222903917078
57,0.36808830248769003,0,1,logistic_regression,0.4643222903917078
58,0.4498397374759864,0,0,logistic_regression,0.4643222903917078
59,0.40089236738550954,0,1,logistic_regression,0.4643222903917078
60,0.3255625336743024,0,1,logistic_regression,0.4643222903917078
61,0.38513248234304276,0,0,logistic_regression,0.4643222903917078
62,0.41359570969959725,0,1,logistic_regression,0.4643222903917078
63,0.35768667816679617,0,1,logistic_regression,0.4643222903917078
64,0.3473814148002907,0,1,logistic_regression,0.4643222903917078
65,0.3268843756938637,0,1,logistic_regression,0.4643222903917078
66,0.4060694339791753,0,1,logistic_regression,0.4643222903917078
67,0.3724851068390066,0,0,logistic_regression,0.4643222903917078
68,0.4321411352117293,0,1,logistic_regression,0.4643222903917078
69,0.4125225933083454,0,1,logistic_regression,0.4643222903917078
70,0.4845235347301672,1,1,logistic_regression,0.4643222903917078
71,0.3782477132166299,0,0,logistic_regression,0.4643222903917078
72,0.36702790890710557,0,1,logistic_regression,0.4643222903917078
73,0.3486442242331738,0,1,logistic_regression,0.4643222903917078
74,0.3056728460115433,0,1,logistic_regression,0.4643222903917078
75,0.4183478355031194,0,1,logistic_regression,0.4643222903917078
76,0.33666212964769016,0,1,logistic_regression,0.4643222903917078
77,0.3759734067169303,0,1,logistic_regression,0.4643222903917078
78,0.3939262226653855,0,1,logistic_regression,0.4643222903917078
79,0.3622013269783759,0,1,logistic_regression,0.4643222903917078
80,0.451437231199831,0,1,logistic_regression,0.4643222903917078
81,0.39863510648200534,0,1,logistic_regression,0.4643222903917078
82,0.35267666608134807,0,1,logistic_regression,0.4643222903917078
83,0.4313038098154401,0,1,logistic_regression,0.4643222903917078
84,0.40747320212679905,0,1,logistic_regression,0.4643222903917078
85,0.375915558990714,0,0,logistic_regression,0.4643222903917078
86,0.3257418871876549,0,1,logistic_regression,0.4643222903917078
87,0.38395358094427123,0,0,logistic_regression,0.4643222903917078
88,0.3580933072368295,0,0,logistic_regression,0.4643222903917078
89,0.3526986288221433,0,0,logistic_regression,0.4643222903917078
90,0.3720324500276463,0,0,logistic_regression,0.4643222903917078
91,0.3619554919814694,0,1,logistic_regression,0.4643222903917078
92,0.3771796666814242,0,1,logistic_regression,0.4643222903917078
93,0.4371947159923832,0,0,logistic_regression,0.4643222903917078
94,0.33623044424528375,0,1,logistic_regression,0.4643222903917078
95,0.2320966900318436,0,0,logistic_regression,0.4643222903917078
96,0.36377888054638313,0,1,logistic_regression,0.4643222903917078
97,0.270248381269887,0,0,logistic_regression,0.4643222903917078
98,0.31176886923461067,0,1,logistic_regression,0.4643222903917078
99,0.3270580631424829,0,1,logistic_regression,0.4643222903917078
100,0.34484099462924567,0,1,logistic_regression,0.4643222903917078
101,0.31427993833530365,0,1,logistic_regression,0.4643222903917078
102,0.3401708993321582,0,1,logistic_regression,0.4643222903917078
103,0.36896353010976873,0,1,logistic_regression,0.4643222903917078
104,0.36011589906946173,0,1,logistic_regression,0.4643222903917078
105,0.44623289164575625,0,1,logistic_regression,0.4643222903917078
106,0.37488485567506785,0,0,logistic_regression,0.4643222903917078
107,0.3316259721640599,0,0,logistic_regression,0.4643222903917078
108,0.39872677786076804,0,0,logistic_regression,0.4643222903917078
109,0.3365486424728909,0,0,logistic_regression,0.4643222903917078
110,0.38727398137290514,0,1,logistic_regression,0.4643222903917078
111,0.45622710183666887,0,1,logistic_regression,0.4643222903917078
112,0.30309934070554223,0,1,logistic_regression,0.4643222903917078
113,0.38535629052327014,0,1,logistic_regression,0.4643222903917078
114,0.3659523780070193,0,1,logistic_regression,0.4643222903917078
115,0.3579214632716507,0,1,logistic_regression,0.4643222903917078
116,0.3782991158365487,0,1,logistic_regression,0.4643222903917078
117,0.31852300687516555,0,0,logistic_regression,0.4643222903917078
118,0.36968660871435743,0,1,logistic_regression,0.4643222903917078
119,0.39576867313451686,0,0,logistic_regression,0.4643222903917078
120,0.3307850296602339,0,0,logistic_regression,0.4643222903917078
121,0.3136242888633311,0,0,logistic_regression,0.4643222903917078
122,0.3890132678608985,0,0,logistic_regression,0.4643222903917078
123,0.3740331346954633,0,1,logistic_regression,0.4643222903917078
124,0.4110821469065316,0,1,logistic_regression,0.4643222903917078
125,0.3424375467870504,0,1,logistic_regression,0.4643222903917078
126,0.384306010398819,0,1,logistic_regression,0.4643222903917078
127,0.4012873485966251,0,1,logistic_regression,0.4643222903917078
128,0.3221867724133335,0,0,logistic_regression,0.4643222903917078
129,0.3478399436503733,0,1,logistic_regression,0.4643222903917078
130,0.42811391756534345,0,1,logistic_regression,0.4643222903917078
131,0.3795699048696037,0,0,logistic_regression,0.4643222903917078
132,0.327719971243324,0,1,logistic_regression,0.4643222903917078
133,0.39480284888728817,0,1,logistic_regression,0.4643222903917078
134,0.3077704634260685,0,0,logistic_regression,0.4643222903917078
135,0.3617184784144257,0,1,logistic_regression,0.4643222903917078
136,0.35833846539406655,0,1,logistic_regression,0.4643222903917078
137,0.3382181583116983,0,1,logistic_regression,0.4643222903917078
138,0.37558737321166513,0,0,logistic_regression,0.4643222903917078
139,0.3923442389139377,0,0,logistic_regression,0.4643222903917078
140,0.34688772163296716,0,1,logistic_regression,0.4643222903917078
141,0.4138873944173159,0,1,logistic_regression,0.4643222903917078
142,0.2757888246997372,0,0,logistic_regression,0.4643222903917078
143,0.3974160460130539,0,0,logistic_regression,0.4643222903917078
144,0.3796178817945561,0,1,logistic_regression,0.4643222903917078
145,0.378632052678373,0,0,logistic_regression,0.4643222903917078
146,0.29187801946324055,0,1,logistic_regression,0.4643222903917078
147,0.32577452620691116,0,1,logistic_regression,0.4643222903917078
148,0.33561572628508596,0,0,logistic_regression,0.4643222903917078
149,0.41089092744158934,0,1,logistic_regression,0.4643222903917078
150,0.363817109591781,0,1,logistic_regression,0.4643222903917078
151,0.361686258224689,0,1,logistic_regression,0.4643222903917078
152,0.37352193987193766,0,0,logistic_regression,0.4643222903917078
153,0.3884169651294457,0,0,logistic_regression,0.4643222903917078
154,0.3769872995002027,0,1,logistic_regression,0.4643222903917078
155,0.3821916409182672,0,1,logistic_regression,0.4643222903917078
156,0.3088354487112761,0,1,logistic_regression,0.4643222903917078
157,0.3279202873249668,0,0,logistic_regression,0.4643222903917078
158,0.32294584889934436,0,1,logistic_regression,0.4643222903917078
159,0.4643606530494496,1,1,logistic_regression,0.4643222903917078
160,0.38670144786016386,0,0,logistic_regression,0.4643222903917078
161,0.2781993318377024,0,1,logistic_regression,0.4643222903917078
162,0.38999858337255394,0,0,logistic_regression,0.4643222903917078
163,0.41728965519862615,0,1,logistic_regression,0.4643222903917078
164,0.36834220445920357,0,0,logistic_regression,0.4643222903917078
165,0.40180298331750347,0,0,logistic_regression,0.4643222903917078
166,0.4343051271029884,0,1,logistic_regression,0.4643222903917078
167,0.3161341994444676,0,1,logistic_regression,0.4643222903917078
168,0.3816363394690946,0,1,logistic_regression,0.4643222903917078
169,0.3767642308595536,0,0,logistic_regression,0.4643222903917078
170,0.3690360778290335,0,1,logistic_regression,0.4643222903917078
171,0.2732528078943272,0,1,logistic_regression,0.4643222903917078
172,0.3716276867623344,0,1,logistic_regression,0.4643222903917078
173,0.35280319912829067,0,1,logistic_regression,0.4643222903917078
174,0.3563325926447099,0,0,logistic_regression,0.4643222903917078
175,0.2549361564610133,0,0,logistic_regression,0.4643222903917078
176,0.4145483916155141,0,0,logistic_regression,0.4643222903917078
177,0.2826350752974365,0,0,logistic_regression,0.4643222903917078
178,0.32568156324029,0,1,logistic_regression,0.4643222903917078
179,0.4234420592323047,0,1,logistic_regression,0.4643222903917078
180,0.40237682713620876,0,0,logistic_regression,0.4643222903917078
181,0.3677979852138533,0,1,logistic_regression,0.4643222903917078
182,0.34664463041321003,0,1,logistic_regression,0.4643222903917078
183,0.28575801822184843,0,1,logistic_regression,0.4643222903917078
184,0.39275520994179786,0,1,logistic_regression,0.4643222903917078
185,0.34632555149630545,0,1,logistic_regression,0.4643222903917078
186,0.30102504885793074,0,0,logistic_regression,0.4643222903917078
187,0.45089363576438757,0,0,logistic_regression,0.4643222903917078
188,0.3904555623312073,0,1,logistic_regression,0.4643222903917078
189,0.3812272622663447,0,1,logistic_regression,0.4643222903917078
190,0.3429969153864452,0,1,logistic_regression,0.4643222903917078
191,0.3302520016909339,0,1,logistic_regression,0.4643222903917078
192,0.3102671668082183,0,1,logistic_regression,0.4643222903917078
193,0.41374592986939507,0,1,logistic_regression,0.4643222903917078
194,0.3261284694584325,0,1,logistic_regression,0.4643222903917078
195,0.400191881710864,0,0,logistic_regression,0.4643222903917078
196,0.3979109681961886,0,1,logistic_regression,0.4643222903917078
197,0.36074838966346945,0,0,logistic_regression,0.4643222903917078
198,0.4187844255000357,0,1,logistic_regression,0.4643222903917078
199,0.44923520685532814,0,1,logistic_regression,0.4643222903917078
200,0.2887388817377149,0,1,logistic_regression,0.4643222903917078
201,0.39083709618458157,0,1,logistic_regression,0.4643222903917078
202,0.344318246144284,0,0,logistic_regression,0.4643222903917078
203,0.3949060475251283,0,1,logistic_regression,0.4643222903917078
204,0.3921494995089865,0,1,logistic_regression,0.4643222903917078
205,0.3447991156520518,0,1,logistic_regression,0.4643222903917078
206,0.4382891343559567,0,1,logistic_regression,0.4643222903917078
207,0.38485281917340003,0,1,logistic_regression,0.4643222903917078
208,0.44343153573991956,0,1,logistic_regression,0.4643222903917078
209,0.32731490078455455,0,1,logistic_regression,0.4643222903917078
210,0.3915350079390752,0,1,logistic_regression,0.4643222903917078
211,0.340005208729072,0,1,logistic_regression,0.4643222903917078
212,0.4254172651672111,0,1,logistic_regression,0.4643222903917078
213,0.35293833261476515,0,1,logistic_regression,0.4643222903917078
214,0.36635851816846116,0,0,logistic_regression,0.4643222903917078
215,0.31239930683246164,0,0,logistic_regression,0.4643222903917078
216,0.3466379295665882,0,1,logistic_regression,0.4643222903917078
217,0.4090256114023941,0,1,logistic_regression,0.4643222903917078
218,0.35426407261886744,0,0,logistic_regression,0.4643222903917078
219,0.39784801878200754,0,1,logistic_regression,0.4643222903917078
220,0.38121545907444127,0,1,logistic_regression,0.4643222903917078
221,0.4035598652328516,0,1,logistic_regression,0.4643222903917078
222,0.38061121529344777,0,1,logistic_regression,0.4643222903917078
223,0.2898482339691161,0,1,logistic_regression,0.4643222903917078
224,0.3456669165660597,0,1,logistic_regression,0.4643222903917078
225,0.35824343657828506,0,0,logistic_regression,0.4643222903917078
226,0.34296470329904294,0,1,logistic_regression,0.4643222903917078
227,0.3674909477851405,0,0,logistic_regression,0.4643222903917078
228,0.41890609149353186,0,1,logistic_regression,0.4643222903917078
229,0.38012504874913905,0,1,logistic_regression,0.4643222903917078
230,0.3619618329438539,0,1,logistic_regression,0.4643222903917078
231,0.34765301714428515,0,1,logistic_regression,0.4643222903917078
232,0.32733702275266474,0,0,logistic_regression,0.4643222903917078
233,0.3408698944760653,0,0,logistic_regression,0.4643222903917078
234,0.4263906913527346,0,1,logistic_regression,0.4643222903917078
235,0.3546455029053667,0,1,logistic_regression,0.4643222903917078
236,0.40276355369288064,0,1,logistic_regression,0.4643222903917078
237,0.34593200283479264,0,0,logistic_regression,0.4643222903917078
238,0.355612698191106,0,1,logistic_regression,0.4643222903917078
239,0.3398383443984475,0,0,logistic_regression,0.4643222903917078
240,0.30774452433942795,0,0,logistic_regression,0.4643222903917078
241,0.40604671886855576,0,0,logistic_regression,0.4643222903917078
242,0.34217926809927207,0,0,logistic_regression,0.4643222903917078
243,0.40064220481038165,0,1,logistic_regression,0.4643222903917078
244,0.30858311080305817,0,0,logistic_regression,0.4643222903917078
245,0.34862855593503406,0,1,logistic_regression,0.4643222903917078
246,0.2912480812651667,0,1,logistic_regression,0.4643222903917078
247,0.3592528969411588,0,0,logistic_regression,0.4643222903917078
248,0.28494200983512497,0,0,logistic_regression,0.4643222903917078
249,0.41994844038766527,0,1,logistic_regression,0.4643222903917078
250,0.3521850871330045,0,1,logistic_regression,0.4643222903917078
251,0.3794194165989615,0,0,logistic_regression,0.4643222903917078
252,0.30187823037776756,0,1,logistic_regression,0.4643222903917078
253,0.3461847401527882,0,1,logistic_regression,0.4643222903917078
254,0.4149106613556769,0,1,logistic_regression,0.4643222903917078
255,0.39578661759909334,0,1,logistic_regression,0.4643222903917078
256,0.35607502427600307,0,1,logistic_regression,0.4643222903917078
257,0.336156525087506,0,1,logistic_regression,0.4643222903917078
258,0.3251507929640887,0,1,logistic_regression,0.4643222903917078
259,0.3676425331386911,0,1,logistic_regression,0.4643222903917078
260,0.3204665543861103,0,0,logistic_regression,0.4643222903917078
261,0.30313612540490603,0,0,logistic_regression,0.4643222903917078
262,0.2919379154900109,0,0,logistic_regression,0.4643222903917078
263,0.3653897105602027,0,1,logistic_regression,0.4643222903917078
264,0.40189841109513513,0,0,logistic_regression,0.4643222903917078
265,0.433228541710125,0,1,logistic_regression,0.4643222903917078
266,0.3545239454345553,0,0,logistic_regression,0.4643222903917078
267,0.387444195425744,0,1,logistic_regression,0.4643222903917078
268,0.37022009546752793,0,1,logistic_regression,0.4643222903917078
269,0.36076465268328295,0,1,logistic_regression,0.4643222903917078
270,0.32426821760134356,0,1,logistic_regression,0.4643222903917078
271,0.34572179329366964,0,1,logistic_regression,0.4643222903917078
272,0.4485870767237236,0,1,logistic_regression,0.4643222903917078
273,0.30597358873190594,0,1,logistic_regression,0.4643222903917078
274,0.29099408052302317,0,0,logistic_regression,0.4643222903917078
275,0.35934911721516893,0,1,logistic_regression,0.4643222903917078
276,0.3901096279850149,0,1,logistic_regression,0.4643222903917078
277,0.3500480730045044,0,1,logistic_regression,0.4643222903917078
278,0.3623891184299317,0,0,logistic_regression,0.4643222903917078
279,0.39059912185473383,0,0,logistic_regression,0.4643222903917078
280,0.33351986787315174,0,1,logistic_regression,0.4643222903917078
281,0.31716139526614306,0,1,logistic_regression,0.4643222903917078
282,0.43540173524645537,0,0,logistic_regression,0.4643222903917078
283,0.3645910258766029,0,1,logistic_regression,0.4643222903917078
284,0.3558105331343574,0,1,logistic_regression,0.4643222903917078
285,0.42370172793260313,0,1,logistic_regression,0.4643222903917078
286,0.34300888297165977,0,1,logistic_regression,0.4643222903917078
287,0.43228566937324375,0,1,logistic_regression,0.4643222903917078
288,0.4553155002794647,0,1,logistic_regression,0.4643222903917078
289,0.4633012192692622,0,1,logistic_regression,0.4643222903917078
290,0.342973777573057,0,1,logistic_regression,0.4643222903917078
291,0.34773978927213073,0,1,logistic_regression,0.4643222903917078
292,0.4501757014329708,0,0,logistic_regression,0.4643222903917078
293,0.4510235183694637,0,1,logistic_regression,0.4643222903917078
294,0.2573304798588688,0,0,logistic_regression,0.4643222903917078
295,0.4712216441196722,1,1,logistic_regression,0.4643222903917078
296,0.29727750464508784,0,0,logistic_regression,0.4643222903917078
297,0.3314719590085683,0,0,logistic_regression,0.4643222903917078
298,0.3064817700694231,0,1,logistic_regression,0.4643222903917078
299,0.45475062027099983,0,0,logistic_regression,0.4643222903917078
300,0.4480556755100636,0,1,logistic_regression,0.4643222903917078
301,0.3762512854876213,0,1,logistic_regression,0.4643222903917078
302,0.420671946861971,0,1,logistic_regression,0.4643222903917078
303,0.30852968959169286,0,1,logistic_regression,0.4643222903917078
304,0.25044624157172934,0,0,logistic_regression,0.4643222903917078
305,0.42475212483227287,0,0,logistic_regression,0.4643222903917078
306,0.2990907257828453,0,1,logistic_regression,0.4643222903917078
307,0.3600461360224635,0,0,logistic_regression,0.4643222903917078
308,0.4125072601902725,0,0,logistic_regression,0.4643222903917078
309,0.46007737269950233,0,1,logistic_regression,0.4643222903917078
310,0.3562824334170435,0,1,logistic_regression,0.4643222903917078
311,0.3369955736902609,0,1,logistic_regression,0.4643222903917078
312,0.33981604733713155,0,0,logistic_regression,0.4643222903917078
313,0.3387116813730014,0,1,logistic_regression,0.4643222903917078
314,0.4435391704470726,0,1,logistic_regression,0.4643222903917078
315,0.39278775163953494,0,1,logistic_regression,0.4643222903917078
316,0.39059837109282053,0,1,logistic_regression,0.4643222903917078
317,0.2831877397060491,0,0,logistic_regression,0.4643222903917078
318,0.36018106646472886,0,1,logistic_regression,0.4643222903917078
319,0.30856327152693147,0,1,logistic_regression,0.4643222903917078
320,0.38648974787458507,0,1,logistic_regression,0.4643222903917078
321,0.36023688405528337,0,0,logistic_regression,0.4643222903917078
322,0.3145586410250699,0,0,logistic_regression,0.4643222903917078
323,0.3594954064347277,0,0,logistic_regression,0.4643222903917078
324,0.3457592102378749,0,0,logistic_regression,0.4643222903917078
325,0.33108767930120964,0,1,logistic_regression,0.4643222903917078
326,0.3732220915655023,0,1,logistic_regression,0.4643222903917078
327,0.28952696396423844,0,1,logistic_regression,0.4643222903917078
328,0.37889295833717257,0,0,logistic_regression,0.4643222903917078
329,0.3617759972821139,0,0,logistic_regression,0.4643222903917078
330,0.42594583088433446,0,1,logistic_regression,0.4643222903917078
331,0.35423049291215886,0,0,logistic_regression,0.4643222903917078
332,0.38184842220282,0,1,logistic_regression,0.4643222903917078
333,0.38975081633236847,0,1,logistic_regression,0.4643222903917078
334,0.31083687179371844,0,0,logistic_regression,0.4643222903917078
335,0.2909938437086387,0,1,logistic_regression,0.4643222903917078
336,0.26732845302962965,0,1,logistic_regression,0.4643222903917078
337,0.3901906852910162,0,0,logistic_regression,0.4643222903917078
338,0.3893897950483438,0,1,logistic_regression,0.4643222903917078
339,0.34452276655725783,0,0,logistic_regression,0.4643222903917078
340,0.4447991475659883,0,1,logistic_regression,0.4643222903917078
341,0.3588126007705091,0,1,logistic_regression,0.4643222903917078
342,0.41966254602292197,0,1,logistic_regression,0.4643222903917078
343,0.3918786171841491,0,0,logistic_regression,0.4643222903917078
344,0.35630853793770323,0,1,logistic_regression,0.4643222903917078
345,0.3356389600956471,0,0,logistic_regression,0.4643222903917078
346,0.4571153303465411,0,0,logistic_regression,0.4643222903917078
347,0.4635206584623681,0,1,logistic_regression,0.4643222903917078
348,0.40863296739980826,0,1,logistic_regression,0.4643222903917078
349,0.42719627357761386,0,1,logistic_regression,0.4643222903917078
350,0.4028932250435392,0,0,logistic_regression,0.4643222903917078
351,0.4022962239634181,0,0,logistic_regression,0.4643222903917078
352,0.340282511350826,0,0,logistic_regression,0.4643222903917078
353,0.4166886487395872,0,1,logistic_regression,0.4643222903917078
354,0.33437847788637987,0,1,logistic_regression,0.4643222903917078
355,0.44605870240960277,0,1,logistic_regression,0.4643222903917078
356,0.42315527317526874,0,0,logistic_regression,0.4643222903917078
357,0.3773846960729582,0,0,logistic_regression,0.4643222903917078
358,0.3701897836833762,0,0,logistic_regression,0.4643222903917078
359,0.27499641668857294,0,0,logistic_regression,0.4643222903917078
360,0.3701139300840419,0,1,logistic_regression,0.4643222903917078
361,0.3816393918223125,0,0,logistic_regression,0.4643222903917078
362,0.3054667433662235,0,0,logistic_regression,0.4643222903917078
363,0.39044447759179074,0,1,logistic_regression,0.4643222903917078
364,0.4132238700822055,0,0,logistic_regression,0.4643222903917078
365,0.45291877657042195,0,1,logistic_regression,0.4643222903917078
366,0.3786327498652888,0,1,logistic_regression,0.4643222903917078
367,0.4313497296025608,0,1,logistic_regression,0.4643222903917078
368,0.36085737272621826,0,1,logistic_regression,0.4643222903917078
369,0.3319601531866922,0,1,logistic_regression,0.4643222903917078
370,0.3737906686906707,0,1,logistic_regression,0.4643222903917078
371,0.4239088037580496,0,1,logistic_regression,0.4643222903917078
372,0.37039880749736587,0,0,logistic_regression,0.4643222903917078
373,0.35888317336236897,0,1,logistic_regression,0.4643222903917078
374,0.34447459068843517,0,0,logistic_regression,0.4643222903917078
375,0.3765745715915212,0,1,logistic_regression,0.4643222903917078
376,0.37947877559387466,0,0,logistic_regression,0.4643222903917078
377,0.41657220708641324,0,1,logistic_regression,0.4643222903917078
378,0.42229110898483446,0,0,logistic_regression,0.4643222903917078
379,0.42213445011072365,0,0,logistic_regression,0.4643222903917078
380,0.340990657452132,0,1,logistic_regression,0.4643222903917078
381,0.4618795120056707,0,1,logistic_regression,0.4643222903917078
382,0.30432443984176616,0,1,logistic_regression,0.4643222903917078
383,0.31795625782580733,0,1,logistic_regression,0.4643222903917078
384,0.43816127662894316,0,1,logistic_regression,0.4643222903917078
385,0.39212492477353156,0,0,logistic_regression,0.4643222903917078
386,0.40256121437528003,0,1,logistic_regression,0.4643222903917078
387,0.37653516690097344,0,1,logistic_regression,0.4643222903917078
388,0.4458837360712932,0,1,logistic_regression,0.4643222903917078
389,0.3749006006492719,0,0,logistic_regression,0.4643222903917078
390,0.3033927383034444,0,1,logistic_regression,0.4643222903917078
391,0.3855363842358426,0,1,logistic_regression,0.4643222903917078
392,0.4061896803440795,0,1,logistic_regression,0.4643222903917078
393,0.35378236210096015,0,1,logistic_regression,0.4643222903917078
394,0.4659831548718533,1,1,logistic_regression,0.4643222903917078
395,0.3449859988095164,0,0,logistic_regression,0.4643222903917078
396,0.29445750533579884,0,1,logistic_regression,0.4643222903917078
397,0.35271787931720455,0,1,logistic_regression,0.4643222903917078
398,0.3049206570314895,0,0,logistic_regression,0.4643222903917078
399,0.4113646096068169,0,1,logistic_regression,0.4643222903917078
400,0.3705110356049508,0,0,logistic_regression,0.4643222903917078
401,0.2819046235500302,0,0,logistic_regression,0.4643222903917078
402,0.43645267106218133,0,1,logistic_regression,0.4643222903917078
403,0.39695286099959887,0,0,logistic_regression,0.4643222903917078
404,0.3194478285058852,0,1,logistic_regression,0.4643222903917078
405,0.32048750402043685,0,0,logistic_regression,0.4643222903917078
406,0.41762218999482553,0,1,logistic_regression,0.4643222903917078
407,0.30995987128015884,0,0,logistic_regression,0.4643222903917078
408,0.34009160655483067,0,1,logistic_regression,0.4643222903917078
409,0.42187058591989623,0,1,logistic_regression,0.4643222903917078
410,0.37296486229279013,0,0,logistic_regression,0.4643222903917078
411,0.38853323758134595,0,0,logistic_regression,0.4643222903917078
412,0.33366792348325924,0,1,logistic_regression,0.4643222903917078
413,0.28785968042587284,0,1,logistic_regression,0.4643222903917078
414,0.37118410431186083,0,1,logistic_regression,0.4643222903917078
415,0.3604887889332715,0,0,logistic_regression,0.4643222903917078
416,0.3838736147131817,0,0,logistic_regression,0.4643222903917078
417,0.42358509522180854,0,0,logistic_regression,0.4643222903917078
418,0.2781516494672781,0,1,logistic_regression,0.4643222903917078
419,0.39901538961489963,0,1,logistic_regression,0.4643222903917078
420,0.3914919228509413,0,1,logistic_regression,0.4643222903917078
421,0.3572932030189076,0,0,logistic_regression,0.4643222903917078
422,0.3864928216865865,0,0,logistic_regression,0.4643222903917078
423,0.3751118635458777,0,1,logistic_regression,0.4643222903917078
424,0.3840761084492713,0,1,logistic_regression,0.4643222903917078
425,0.4192665525201968,0,0,logistic_regression,0.4643222903917078
426,0.40240773620555587,0,1,logistic_regression,0.4643222903917078
427,0.4364465266951144,0,1,logistic_regression,0.4643222903917078
428,0.3925076312697928,0,0,logistic_regression,0.4643222903917078
429,0.2477372681726961,0,0,logistic_regression,0.4643222903917078
430,0.38372541312928493,0,1,logistic_regression,0.4643222903917078
431,0.35951231070054107,0,1,logistic_regression,0.4643222903917078
432,0.32687597858484263,0,0,logistic_regression,0.4643222903917078
433,0.3842940147493546,0,1,logistic_regression,0.4643222903917078
434,0.3378174984818458,0,1,logistic_regression,0.4643222903917078
435,0.3743195037407342,0,1,logistic_regression,0.4643222903917078
436,0.366188227621342,0,0,logistic_regression,0.4643222903917078
437,0.3226556969133033,0,0,logistic_regression,0.4643222903917078
438,0.36956937638773807,0,1,logistic_regression,0.4643222903917078
439,0.34542881825224,0,1,logistic_regression,0.4643222903917078
440,0.39660932851682884,0,0,logistic_regression,0.4643222903917078
441,0.31509489254467854,0,1,logistic_regression,0.4643222903917078
442,0.4157715037240858,0,1,logistic_regression,0.4643222903917078
443,0.37799816323604135,0,1,logistic_regression,0.4643222903917078
444,0.314772684661704,0,0,logistic_regression,0.4643222903917078
445,0.3376367496989825,0,1,logistic_regression,0.4643222903917078
446,0.3743254281644709,0,1,logistic_regression,0.4643222903917078
447,0.309850642386464,0,1,logistic_regression,0.4643222903917078
448,0.3211182382658081,0,1,logistic_regression,0.4643222903917078
449,0.27306181955445796,0,0,logistic_regression,0.4643222903917078
450,0.3841558768338788,0,1,logistic_regression,0.4643222903917078
451,0.4579405430160544,0,1,logistic_regression,0.4643222903917078
452,0.2813164612719892,0,1,logistic_regression,0.4643222903917078
453,0.30303338371183514,0,0,logistic_regression,0.4643222903917078
454,0.410271749189082,0,1,logistic_regression,0.4643222903917078
455,0.40150775935030486,0,1,logistic_regression,0.4643222903917078
456,0.35537530396201056,0,0,logistic_regression,0.4643222903917078
457,0.29835808326939744,0,1,logistic_regression,0.4643222903917078
458,0.42911618836470233,0,1,logistic_regression,0.4643222903917078
459,0.31315902146322955,0,1,logistic_regression,0.4643222903917078
460,0.37114472711879576,0,1,logistic_regression,0.4643222903917078
461,0.33017462421854676,0,1,logistic_regression,0.4643222903917078
462,0.370954723381987,0,1,logistic_regression,0.4643222903917078
463,0.2932770582310641,0,1,logistic_regression,0.4643222903917078
464,0.3654267612440308,0,0,logistic_regression,0.4643222903917078
465,0.3526607807228096,0,1,logistic_regression,0.4643222903917078
466,0.33992629351250236,0,1,logistic_regression,0.4643222903917078
467,0.4652999055491275,1,1,logistic_regression,0.4643222903917078
468,0.4292658751491155,0,1,logistic_regression,0.4643222903917078
469,0.3183872805285772,0,1,logistic_regression,0.4643222903917078
470,0.4146829971659698,0,1,logistic_regression,0.4643222903917078
471,0.43447571628558757,0,0,logistic_regression,0.4643222903917078
472,0.35506807607546653,0,1,logistic_regression,0.4643222903917078
473,0.3768876886267601,0,1,logistic_regression,0.4643222903917078
474,0.36528161706337753,0,1,logistic_regression,0.4643222903917078
475,0.3704069951149387,0,1,logistic_regression,0.4643222903917078
476,0.4326611793212444,0,1,logistic_regression,0.4643222903917078
477,0.3673777960401007,0,1,logistic_regression,0.4643222903917078
478,0.3789691601568238,0,0,logistic_regression,0.4643222903917078
479,0.33112828266565375,0,0,logistic_regression,0.4643222903917078
480,0.3785688477644557,0,0,logistic_regression,0.4643222903917078
481,0.33648029565234,0,0,logistic_regression,0.4643222903917078
482,0.44924172962733777,0,0,logistic_regression,0.4643222903917078
483,0.3486581931967696,0,0,logistic_regression,0.4643222903917078
484,0.39789397725837194,0,1,logistic_regression,0.4643222903917078
485,0.41788270287250945,0,0,logistic_regression,0.4643222903917078
486,0.35724893834126337,0,1,logistic_regression,0.4643222903917078
487,0.36811708252358194,0,1,logistic_regression,0.4643222903917078
488,0.4588254757686472,0,1,logistic_regression,0.4643222903917078
489,0.339733250794799,0,0,logistic_regression,0.4643222903917078
490,0.3647260340628303,0,1,logistic_regression,0.4643222903917078
491,0.3205425560463504,0,1,logistic_regression,0.4643222903917078
492,0.4197423977403801,0,1,logistic_regression,0.4643222903917078
493,0.43589968878489654,0,0,logistic_regression,0.4643222903917078
494,0.33393751048954856,0,1,logistic_regression,0.4643222903917078
495,0.382122895296705,0,0,logistic_regression,0.4643222903917078
496,0.3549569798050012,0,1,logistic_regression,0.4643222903917078
497,0.35538140384935524,0,0,logistic_regression,0.4643222903917078
498,0.42640507350841,0,1,logistic_regression,0.4643222903917078
499,0.3194763721325074,0,0,logistic_regression,0.4643222903917078
500,0.36144678398022656,0,1,logistic_regression,0.4643222903917078
501,0.488378284858902,1,1,logistic_regression,0.4643222903917078
505,0.5163636653304714,1,1,logistic_regression,0.4643222903917078
506,0.48988321729050033,1,1,logistic_regression,0.4643222903917078
507,0.5228736730549893,1,0,logistic_regression,0.4643222903917078
511,0.48725911259912547,1,1,logistic_regression,0.4643222903917078
512,0.5629575465174635,1,1,logistic_regression,0.4643222903917078
514,0.47419739452784687,1,1,logistic_regression,0.4643222903917078
517,0.5904295072663395,1,1,logistic_regression,0.4643222903917078
518,0.4971442670720697,1,0,logistic_regression,0.4643222903917078
519,0.5177728778152826,1,1,logistic_regression,0.4643222903917078
522,0.54484494184832,1,1,logistic_regression,0.4643222903917078
523,0.5406537671694764,1,0,logistic_regression,0.4643222903917078
532,0.5799200274243194,1,1,logistic_regression,0.4643222903917078
534,0.5433813927978255,1,1,logistic_regression,0.4643222903917078
536,0.5498819321302962,1,0,logistic_regression,0.4643222903917078
537,0.6086361142505615,1,1,logistic_regression,0.4643222903917078
539,0.5644093785613845,1,1,logistic_regression,0.4643222903917078
542,0.5773237478139541,1,0,logistic_regression,0.4643222903917078
548,0.5793853716110654,1,1,logistic_regression,0.4643222903917078
550,0.5148907934180574,1,0,logistic_regression,0.4643222903917078
551,0.5139457513886181,1,0,logistic_regression,0.4643222903917078
555,0.4842903451159241,1,1,logistic_regression,0.4643222903917078
556,0.4680296692087398,1,0,logistic_regression,0.4643222903917078
557,0.5428958728235339,1,1,logistic_regression,0.4643222903917078
559,0.4839294551335507,1,0,logistic_regression,0.4643222903917078
560,0.6053492970515013,1,1,logistic_regression,0.4643222903917078
561,0.5688259115745706,1,1,logistic_regression,0.4643222903917078
569,0.5427401990604614,1,1,logistic_regression,0.4643222903917078
571,0.5643303006643904,1,1,logistic_regression,0.4643222903917078
573,0.5745240627784076,1,1,logistic_regression,0.4643222903917078
575,0.5420894529938957,1,1,logistic_regression,0.4643222903917078
577,0.5561466756589352,1,1,logistic_regression,0.4643222903917078
580,0.5591547927704503,1,0,logistic_regression,0.4643222903917078
581,0.4464374744240355,0,0,logistic_regression,0.4643222903917078
588,0.5917736484628713,1,0,logistic_regression,0.4643222903917078
589,0.5899758482550056,1,1,logistic_regression,0.4643222903917078
591,0.3652173408684493,0,0,logistic_regression,0.4643222903917078
592,0.5889606017512257,1,0,logistic_regression,0.4643222903917078
594,0.5701189529169415,1,1,logistic_regression,0.4643222903917078
595,0.5678344327540732,1,1,logistic_regression,0.4643222903917078
597,0.6283197981675047,1,0,logistic_regression,0.4643222903917078
602,0.5962631340882564,1,1,logistic_regression,0.4643222903917078
604,0.5953166807843294,1,1,logistic_regression,0.4643222903917078
610,0.5407359644406752,1,1,logistic_regression,0.4643222903917078
613,0.41656367272783174,0,1,logistic_regression,0.4643222903917078
615,0.5565243566178076,1,1,logistic_regression,0.4643222903917078
616,0.5147137779321809,1,1,logistic_regression,0.4643222903917078
620,0.53745284193936,1,0,logistic_regression,0.4643222903917078
621,0.5471236631437525,1,1,logistic_regression,0.4643222903917078
622,0.5282692878767524,1,1,logistic_regression,0.4643222903917078
625,0.5491505505463037,1,1,logistic_regression,0.4643222903917078
626,0.5713653276359314,1,1,logistic_regression,0.4643222903917078
629,0.5562691779020126,1,0,logistic_regression,0.4643222903917078
630,0.4609035111946327,0,1,logistic_regression,0.4643222903917078
635,0.23415176517586161,0,0,logistic_regression,0.4643222903917078
638,0.5388946993948348,1,0,logistic_regression,0.4643222903917078
639,0.5426919520282262,1,1,logistic_regression,0.4643222903917078
642,0.5719045215205202,1,1,logistic_regression,0.4643222903917078
644,0.5440147018689095,1,0,logistic_regression,0.4643222903917078
647,0.6000780810131225,1,1,logistic_regression,0.4643222903917078
648,0.5454192890249928,1,1,logistic_regression,0.4643222903917078
650,0.587754768066967,1,1,logistic_regression,0.4643222903917078
652,0.5674240362980194,1,1,logistic_regression,0.4643222903917078
653,0.492069812586848,1,1,logistic_regression,0.4643222903917078
654,0.5608529753933452,1,0,logistic_regression,0.4643222903917078
656,0.5129956195023713,1,0,logistic_regression,0.4643222903917078
658,0.6058604952579807,1,1,logistic_regression,0.4643222903917078
659,0.3956354906395247,0,1,logistic_regression,0.4643222903917078
662,0.40885712351341547,0,1,logistic_regression,0.4643222903917078
663,0.5777316682153565,1,1,logistic_regression,0.4643222903917078
670,0.5624822475818192,1,1,logistic_regression,0.4643222903917078
671,0.5157412746058035,1,1,logistic_regression,0.4643222903917078
672,0.5810184870906633,1,0,logistic_regression,0.4643222903917078
673,0.5346021803698455,1,0,logistic_regression,0.4643222903917078
679,0.5537296666366369,1,1,logistic_regression,0.4643222903917078
680,0.5197836740653708,1,1,logistic_regression,0.4643222903917078
682,0.5115666782943432,1,0,logistic_regression,0.4643222903917078
684,0.4898907625430235,1,0,logistic_regression,0.4643222903917078
686,0.4871358500590649,1,1,logistic_regression,0.4643222903917078
689,0.5355863780256516,1,1,logistic_regression,0.4643222903917078
693,0.5768463848847615,1,1,logistic_regression,0.4643222903917078
694,0.5782017439279656,1,1,logistic_regression,0.4643222903917078
696,0.4739279655696422,1,1,logistic_regression,0.4643222903917078
697,0.5617537621112983,1,1,logistic_regression,0.4643222903917078
698,0.6039841922162477,1,0,logistic_regression,0.4643222903917078
704,0.5783897092987055,1,1,logistic_regression,0.4643222903917078
706,0.5033766788799735,1,1,logistic_regression,0.4643222903917078
707,0.5335885176182873,1,1,logistic_regression,0.4643222903917078
709,0.5442218416906648,1,1,logistic_regression,0.4643222903917078
711,0.519759836430968,1,1,logistic_regression,0.4643222903917078
713,0.5973296319378649,1,1,logistic_regression,0.4643222903917078
715,0.516051463643377,1,0,logistic_regression,0.4643222903917078
716,0.39525011845790137,0,1,logistic_regression,0.4643222903917078
721,0.4999528728886993,1,0,logistic_regression,0.4643222903917078
723,0.5263707109174219,1,1,logistic_regression,0.4643222903917078
725,0.6139866232671889,1,1,logistic_regression,0.4643222903917078
726,0.5484038463530527,1,0,logistic_regression,0.4643222903917078
729,0.5540512924751461,1,1,logistic_regression,0.4643222903917078
735,0.4804523354572233,1,1,logistic_regression,0.4643222903917078
737,0.5359304249485735,1,1,logistic_regression,0.4643222903917078
741,0.5030260900308006,1,1,logistic_regression,0.4643222903917078
744,0.5712170842176103,1,1,logistic_regression,0.4643222903917078
746,0.5758109412051431,1,0,logistic_regression,0.4643222903917078
750,0.5097835721115399,1,1,logistic_regression,0.4643222903917078
751,0.5102138941791403,1,1,logistic_regression,0.4643222903917078
752,0.5542376314489709,1,1,logistic_regression,0.4643222903917078
754,0.5270909901779968,1,1,logistic_regression,0.4643222903917078
755,0.5917245834979842,1,0,logistic_regression,0.4643222903917078
757,0.5339271681430735,1,1,logistic_regression,0.4643222903917078
758,0.5676583685566629,1,1,logistic_regression,0.4643222903917078
759,0.5249621104997252,1,1,logistic_regression,0.4643222903917078
763,0.390137165089684,0,0,logistic_regression,0.4643222903917078
768,0.5580791656633197,1,1,logistic_regression,0.4643222903917078
770,0.522946492468221,1,1,logistic_regression,0.4643222903917078
771,0.6042163204941494,1,1,logistic_regression,0.4643222903917078
772,0.3887857217001061,0,0,logistic_regression,0.4643222903917078
774,0.5479563929057285,1,1,logistic_regression,0.4643222903917078
775,0.5272739778722408,1,1,logistic_regression,0.4643222903917078
776,0.5393335620361441,1,1,logistic_regression,0.4643222903917078
777,0.5966869127894334,1,0,logistic_regression,0.4643222903917078
780,0.5467620525060523,1,1,logistic_regression,0.4643222903917078
787,0.45295156695923755,0,1,logistic_regression,0.4643222903917078
789,0.5260592780769529,1,1,logistic_regression,0.4643222903917078
790,0.49177182781686124,1,1,logistic_regression,0.4643222903917078
793,0.4979756390187154,1,1,logistic_regression,0.4643222903917078
794,0.32725809819320006,0,1,logistic_regression,0.4643222903917078
798,0.5682521213536365,1,1,logistic_regression,0.4643222903917078
801,0.5068524656110237,1,1,logistic_regression,0.4643222903917078
802,0.5475042358006516,1,1,logistic_regression,0.4643222903917078
804,0.5712297726345296,1,1,logistic_regression,0.4643222903917078
805,0.5786266224740905,1,0,logistic_regression,0.4643222903917078
813,0.5180087449325242,1,1,logistic_regression,0.4643222903917078
814,0.5470183638580367,1,1,logistic_regression,0.4643222903917078
815,0.49531734320099763,1,1,logistic_regression,0.4643222903917078
816,0.5837921020453827,1,1,logistic_regression,0.4643222903917078
821,0.5645250710395116,1,1,logistic_regression,0.4643222903917078
824,0.5334710814197244,1,1,logistic_regression,0.4643222903917078
825,0.5677341298344933,1,1,logistic_regression,0.4643222903917078
826,0.5584145380002652,1,1,logistic_regression,0.4643222903917078
833,0.627330648286856,1,1,logistic_regression,0.4643222903917078
835,0.5856720848480695,1,1,logistic_regression,0.4643222903917078
837,0.5968355988755872,1,0,logistic_regression,0.4643222903917078
838,0.5233261309023686,1,1,logistic_regression,0.4643222903917078
840,0.5705155682216878,1,0,logistic_regression,0.4643222903917078
842,0.6246668952754714,1,1,logistic_regression,0.4643222903917078
844,0.4831427783841893,1,1,logistic_regression,0.4643222903917078
846,0.2753909848981352,0,1,logistic_regression,0.4643222903917078
848,0.34057758764274315,0,1,logistic_regression,0.4643222903917078
852,0.5105858442147274,1,1,logistic_regression,0.4643222903917078
854,0.528310501857959,1,1,logistic_regression,0.4643222903917078
855,0.5750142452607839,1,0,logistic_regression,0.4643222903917078
856,0.5481767168252467,1,1,logistic_regression,0.4643222903917078
857,0.5131411709389284,1,1,logistic_regression,0.4643222903917078
858,0.5876082565207327,1,1,logistic_regression,0.4643222903917078
859,0.4852739521197674,1,1,logistic_regression,0.4643222903917078
862,0.565891437644602,1,1,logistic_regression,0.4643222903917078
865,0.5447544182147134,1,1,logistic_regression,0.4643222903917078
868,0.5297622533087081,1,1,logistic_regression,0.4643222903917078
870,0.5658129520860231,1,1,logistic_regression,0.4643222903917078
871,0.5862083594072974,1,1,logistic_regression,0.4643222903917078
873,0.5268619060754633,1,1,logistic_regression,0.4643222903917078
878,0.5775566198728581,1,1,logistic_regression,0.4643222903917078
881,0.6032327379670513,1,1,logistic_regression,0.4643222903917078
882,0.5377432282293347,1,0,logistic_regression,0.4643222903917078
884,0.6142625891515819,1,0,logistic_regression,0.4643222903917078
885,0.5419829918102045,1,0,logistic_regression,0.4643222903917078
887,0.5417595909060946,1,1,logistic_regression,0.4643222903917078
888,0.5497474516267407,1,1,logistic_regression,0.4643222903917078
891,0.3575637469547695,0,1,logistic_regression,0.4643222903917078
892,0.503743862051766,1,1,logistic_regression,0.4643222903917078
893,0.5626849852655152,1,1,logistic_regression,0.4643222903917078
895,0.490872817339102,1,1,logistic_regression,0.4643222903917078
896,0.5747161911683172,1,1,logistic_regression,0.4643222903917078
901,0.5309136273117443,1,1,logistic_regression,0.4643222903917078
902,0.5663224596508806,1,1,logistic_regression,0.4643222903917078
903,0.5454535851633886,1,1,logistic_regression,0.4643222903917078
908,0.5665468399224043,1,0,logistic_regression,0.4643222903917078
909,0.5409068387832012,1,1,logistic_regression,0.4643222903917078
912,0.5466436761869939,1,1,logistic_regression,0.4643222903917078
918,0.48453629132136844,1,1,logistic_regression,0.4643222903917078
924,0.5635930497370525,1,0,logistic_regression,0.4643222903917078
927,0.5970235754376142,1,1,logistic_regression,0.4643222903917078
931,0.5917777371273979,1,1,logistic_regression,0.4643222903917078
932,0.600999535985977,1,1,logistic_regression,0.4643222903917078
933,0.5980297061125966,1,1,logistic_regression,0.4643222903917078
937,0.4509103642453814,0,1,logistic_regression,0.4643222903917078
938,0.5475785701031632,1,1,logistic_regression,0.4643222903917078
939,0.46723836534404123,1,1,logistic_regression,0.4643222903917078
941,0.49714867444939487,1,1,logistic_regression,0.4643222903917078
946,0.5972400691422136,1,1,logistic_regression,0.4643222903917078
948,0.5027482597957663,1,1,logistic_regression,0.4643222903917078
949,0.5424173942186862,1,1,logistic_regression,0.4643222903917078
951,0.5486390875149348,1,1,logistic_regression,0.4643222903917078
952,0.6417019879507995,1,1,logistic_regression,0.4643222903917078
955,0.4051146831948136,0,1,logistic_regression,0.4643222903917078
956,0.5692622755454675,1,1,logistic_regression,0.4643222903917078
957,0.5606169943832744,1,1,logistic_regression,0.4643222903917078
958,0.6034409558018828,1,1,logistic_regression,0.4643222903917078
960,0.5019009784728476,1,0,logistic_regression,0.4643222903917078
964,0.5601961146924351,1,1,logistic_regression,0.4643222903917078
965,0.5542277321145087,1,1,logistic_regression,0.4643222903917078
967,0.6237260403099139,1,1,logistic_regression,0.4643222903917078
969,0.4877743406779032,1,1,logistic_regression,0.4643222903917078
972,0.5104501730085975,1,1,logistic_regression,0.4643222903917078
973,0.5474383411530063,1,1,logistic_regression,0.4643222903917078
974,0.5639418429714177,1,1,logistic_regression,0.4643222903917078
977,0.4648940133624232,1,0,logistic_regression,0.4643222903917078
979,0.5426025908535641,1,0,logistic_regression,0.4643222903917078
980,0.5970432796247557,1,1,logistic_regression,0.4643222903917078
982,0.5649633553115004,1,1,logistic_regression,0.4643222903917078
983,0.5793321330018727,1,1,logistic_regression,0.4643222903917078
987,0.5748440283028025,1,1,logistic_regression,0.4643222903917078
988,0.5451111809635998,1,1,logistic_regression,0.4643222903917078
989,0.6052197079535767,1,1,logistic_regression,0.4643222903917078
991,0.456199959499214,0,1,logistic_regression,0.4643222903917078
993,0.5039310135963166,1,1,logistic_regression,0.4643222903917078
997,0.5247716726039839,1,1,logistic_regression,0.4643222903917078
1002,0.5778449731991325,1,0,logistic_regression,0.4643222903917078
1004,0.5651842037186572,1,1,logistic_regression,0.4643222903917078
1006,0.5703005394512719,1,1,logistic_regression,0.4643222903917078
1007,0.5843871713912037,1,1,logistic_regression,0.4643222903917078
1014,0.4966171220826704,1,1,logistic_regression,0.4643222903917078
1015,0.5919603511804316,1,1,logistic_regression,0.4643222903917078
1016,0.4936695913794486,1,1,logistic_regression,0.4643222903917078
1018,0.5013188489138757,1,1,logistic_regression,0.4643222903917078
1019,0.5427609616758106,1,1,logistic_regression,0.4643222903917078
1020,0.5556970468224635,1,1,logistic_regression,0.4643222903917078
1027,0.5772356381377944,1,1,logistic_regression,0.4643222903917078
1030,0.5283193831706068,1,1,logistic_regression,0.4643222903917078
1031,0.5545177819192667,1,1,logistic_regression,0.4643222903917078
1035,0.6215568409964214,1,1,logistic_regression,0.4643222903917078
1039,0.6085512090976163,1,0,logistic_regression,0.4643222903917078
1041,0.5213149129086662,1,1,logistic_regression,0.4643222903917078
1044,0.4984343515393397,1,1,logistic_regression,0.4643222903917078
1046,0.517926472132698,1,0,logistic_regression,0.4643222903917078
1047,0.5341075596002542,1,1,logistic_regression,0.4643222903917078
1050,0.5013939642268986,1,1,logistic_regression,0.4643222903917078
1051,0.5761516319407654,1,1,logistic_regression,0.4643222903917078
1052,0.5681788173431584,1,1,logistic_regression,0.4643222903917078
1057,0.5971287851193731,1,1,logistic_regression,0.4643222903917078
1060,0.4381110042590289,0,1,logistic_regression,0.4643222903917078
1062,0.4544641674181361,0,1,logistic_regression,0.4643222903917078
1063,0.5244225830596839,1,1,logistic_regression,0.4643222903917078
1065,0.5966604685174608,1,1,logistic_regression,0.4643222903917078
1067,0.4419547852360623,0,1,logistic_regression,0.4643222903917078
1069,0.49199179749776567,1,1,logistic_regression,0.4643222903917078
1070,0.43966623769570856,0,1,logistic_regression,0.4643222903917078
1075,0.619221458902357,1,1,logistic_regression,0.4643222903917078
1077,0.6259893229470402,1,1,logistic_regression,0.4643222903917078
1079,0.60110613610164,1,1,logistic_regression,0.4643222903917078
1081,0.5599503634715558,1,1,logistic_regression,0.4643222903917078
1082,0.5513758421768508,1,1,logistic_regression,0.4643222903917078
1085,0.48847456889161484,1,0,logistic_regression,0.4643222903917078
1087,0.5027547467268931,1,1,logistic_regression,0.4643222903917078
1090,0.5998724783504458,1,1,logistic_regression,0.4643222903917078
1091,0.4805982072552772,1,0,logistic_regression,0.4643222903917078
1092,0.5473336854213011,1,1,logistic_regression,0.4643222903917078
1093,0.5248896478149133,1,1,logistic_regression,0.4643222903917078
1095,0.597536390418595,1,0,logistic_regression,0.4643222903917078
1100,0.6053892745191124,1,1,logistic_regression,0.4643222903917078
1102,0.5755938840480339,1,0,logistic_regression,0.4643222903917078
1106,0.5652368036403557,1,1,logistic_regression,0.4643222903917078
1107,0.5273675142525258,1,1,logistic_regression,0.4643222903917078
1109,0.5764516502266523,1,1,logistic_regression,0.4643222903917078
1110,0.5186972541672475,1,1,logistic_regression,0.4643222903917078
1111,0.5440879036835332,1,0,logistic_regression,0.4643222903917078
1112,0.4698012834343539,1,0,logistic_regression,0.4643222903917078
1114,0.6314979754384514,1,1,logistic_regression,0.4643222903917078
1115,0.5754080169331877,1,1,logistic_regression,0.4643222903917078
1116,0.5857952301700636,1,1,logistic_regression,0.4643222903917078
1117,0.521930060414868,1,1,logistic_regression,0.4643222903917078
1122,0.44175507528653285,0,1,logistic_regression,0.4643222903917078
1124,0.5403387060820195,1,1,logistic_regression,0.4643222903917078
1125,0.5541586111393593,1,1,logistic_regression,0.4643222903917078
1128,0.5176000877845747,1,0,logistic_regression,0.4643222903917078
1129,0.5723521031654375,1,1,logistic_regression,0.4643222903917078
1131,0.48485003809251476,1,0,logistic_regression,0.4643222903917078
1140,0.559404074644362,1,0,logistic_regression,0.4643222903917078
1142,0.5103284930845379,1,1,logistic_regression,0.4643222903917078
1146,0.4762760218418142,1,1,logistic_regression,0.4643222903917078
1152,0.5427393112733676,1,1,logistic_regression,0.4643222903917078
1153,0.3001771216598545,0,1,logistic_regression,0.4643222903917078
1154,0.6173591173773346,1,1,logistic_regression,0.4643222903917078
1155,0.5193465962554944,1,1,logistic_regression,0.4643222903917078
1156,0.5465262342686484,1,1,logistic_regression,0.4643222903917078
1158,0.5592036477310357,1,1,logistic_regression,0.4643222903917078
1160,0.3670858183325805,0,0,logistic_regression,0.4643222903917078
1162,0.5027033331879707,1,1,logistic_regression,0.4643222903917078
1163,0.4851645009510011,1,1,logistic_regression,0.4643222903917078
1164,0.5451709860533468,1,1,logistic_regression,0.4643222903917078
1165,0.5295255142167032,1,1,logistic_regression,0.4643222903917078
1167,0.5678944313721763,1,1,logistic_regression,0.4643222903917078
1168,0.526323204049826,1,1,logistic_regression,0.4643222903917078
1173,0.5179446308214297,1,1,logistic_regression,0.4643222903917078
1174,0.5486101673414774,1,1,logistic_regression,0.4643222903917078
1176,0.5250155225206877,1,1,logistic_regression,0.4643222903917078
1177,0.5246987044118692,1,0,logistic_regression,0.4643222903917078
1181,0.5784612460730755,1,1,logistic_regression,0.4643222903917078
1190,0.5639931231509783,1,0,logistic_regression,0.4643222903917078
1191,0.592340694477609,1,1,logistic_regression,0.4643222903917078
1194,0.6455871526011517,1,1,logistic_regression,0.4643222903917078
1196,0.5542812857401715,1,1,logistic_regression,0.4643222903917078
1198,0.3584558791978606,0,1,logistic_regression,0.4643222903917078
1203,0.5344036605209408,1,1,logistic_regression,0.4643222903917078
1204,0.5090357832475273,1,1,logistic_regression,0.4643222903917078
1205,0.5483973329237011,1,0,logistic_regression,0.4643222903917078
1212,0.5655782433879887,1,1,logistic_regression,0.4643222903917078
1213,0.4561437013319489,0,1,logistic_regression,0.4643222903917078
1214,0.5740299545042299,1,1,logistic_regression,0.4643222903917078
1215,0.6258153017255854,1,1,logistic_regression,0.4643222903917078
1216,0.5304722908907504,1,1,logistic_regression,0.4643222903917078
1217,0.5151628879327368,1,1,logistic_regression,0.4643222903917078
1218,0.5695510213442027,1,1,logistic_regression,0.4643222903917078
1219,0.5326155519910298,1,1,logistic_regression,0.4643222903917078
1220,0.589006495608196,1,0,logistic_regression,0.4643222903917078
1224,0.524418345289744,1,1,logistic_regression,0.4643222903917078
1226,0.48118207521806566,1,1,logistic_regression,0.4643222903917078
1227,0.534542615942461,1,1,logistic_regression,0.4643222903917078
1229,0.5488704293615635,1,1,logistic_regression,0.4643222903917078
1232,0.5041631170169044,1,1,logistic_regression,0.4643222903917078
1233,0.49318472135343555,1,0,logistic_regression,0.4643222903917078
1235,0.6146563182106382,1,1,logistic_regression,0.4643222903917078
1236,0.5705058693711014,1,1,logistic_regression,0.4643222903917078
1237,0.619723576969101,1,1,logistic_regression,0.4643222903917078
1239,0.5294419587854363,1,0,logistic_regression,0.4643222903917078
1240,0.5684961096080199,1,1,logistic_regression,0.4643222903917078
1243,0.5602831108358818,1,1,logistic_regression,0.4643222903917078
1244,0.499323132244643,1,1,logistic_regression,0.4643222903917078
1246,0.5970907834058503,1,0,logistic_regression,0.4643222903917078
1247,0.5427859705481253,1,0,logistic_regression,0.4643222903917078
1248,0.5992175049367952,1,1,logistic_regression,0.4643222903917078
1250,0.5501201972769647,1,1,logistic_regression,0.4643222903917078
1255,0.5832946066702357,1,1,logistic_regression,0.4643222903917078
1256,0.47573656807593645,1,1,logistic_regression,0.4643222903917078
1257,0.45050432365338444,0,1,logistic_regression,0.4643222903917078
1258,0.5479335664485546,1,1,logistic_regression,0.4643222903917078
1259,0.5348933986097995,1,0,logistic_regression,0.4643222903917078
1262,0.5353449091446003,1,1,logistic_regression,0.4643222903917078
1264,0.6391624947446306,1,1,logistic_regression,0.4643222903917078
1265,0.45895282323388537,0,1,logistic_regression,0.4643222903917078
1269,0.49859353467564493,1,1,logistic_regression,0.4643222903917078
1271,0.5344701323684469,1,1,logistic_regression,0.4643222903917078
1279,0.5724456568086531,1,1,logistic_regression,0.4643222903917078
1280,0.5569426959052336,1,1,logistic_regression,0.4643222903917078
1283,0.5261253492388774,1,1,logistic_regression,0.4643222903917078
1285,0.6340786497045919,1,1,logistic_regression,0.4643222903917078
1286,0.6180919814216597,1,1,logistic_regression,0.4643222903917078
1287,0.553048931207772,1,1,logistic_regression,0.4643222903917078
1289,0.6209448529174502,1,1,logistic_regression,0.4643222903917078
1291,0.4949088401243259,1,1,logistic_regression,0.4643222903917078
1295,0.5450725674892791,1,0,logistic_regression,0.4643222903917078
1296,0.5117984620802973,1,1,logistic_regression,0.4643222903917078
1297,0.5310408278802573,1,1,logistic_regression,0.4643222903917078
1299,0.5753522978176038,1,0,logistic_regression,0.4643222903917078
1300,0.5011745101391831,1,1,logistic_regression,0.4643222903917078
1303,0.6131404494368116,1,1,logistic_regression,0.4643222903917078
1304,0.5833134047318708,1,1,logistic_regression,0.4643222903917078
1307,0.49960825630775463,1,1,logistic_regression,0.4643222903917078
1309,0.5219838919907338,1,1,logistic_regression,0.4643222903917078
1311,0.569506352231627,1,0,logistic_regression,0.4643222903917078
1312,0.505514688193722,1,1,logistic_regression,0.4643222903917078
1319,0.5245377604228018,1,0,logistic_regression,0.4643222903917078
1323,0.5629123808803483,1,0,logistic_regression,0.4643222903917078
1326,0.5426808404196627,1,1,logistic_regression,0.4643222903917078
1327,0.5213357806755032,1,1,logistic_regression,0.4643222903917078
1329,0.5480152948468013,1,1,logistic_regression,0.4643222903917078
1330,0.5075990480981404,1,1,logistic_regression,0.4643222903917078
1331,0.587257468163874,1,0,logistic_regression,0.4643222903917078
1334,0.5788711432192434,1,1,logistic_regression,0.4643222903917078
1341,0.6019342942524228,1,1,logistic_regression,0.4643222903917078
1342,0.5220567004207053,1,1,logistic_regression,0.4643222903917078
1344,0.5659793404204709,1,1,logistic_regression,0.4643222903917078
1345,0.4667995700963795,1,1,logistic_regression,0.4643222903917078
1346,0.5677398974288639,1,1,logistic_regression,0.4643222903917078
1347,0.43986223213376957,0,0,logistic_regression,0.4643222903917078
1358,0.5888120625453807,1,1,logistic_regression,0.4643222903917078
1360,0.5679547617322243,1,0,logistic_regression,0.4643222903917078
1362,0.5446773152801915,1,0,logistic_regression,0.4643222903917078
1368,0.5468671851798393,1,0,logistic_regression,0.4643222903917078
1369,0.5911272798139554,1,1,logistic_regression,0.4643222903917078
1374,0.5693640004052706,1,1,logistic_regression,0.4643222903917078
1378,0.5650388646997907,1,0,logistic_regression,0.4643222903917078
1379,0.5767698693279535,1,1,logistic_regression,0.4643222903917078
1381,0.5750192505587138,1,1,logistic_regression,0.4643222903917078
1383,0.5549045357326324,1,0,logistic_regression,0.4643222903917078
1384,0.4938330435465125,1,1,logistic_regression,0.4643222903917078
1385,0.5129398348076928,1,1,logistic_regression,0.4643222903917078
1386,0.5693035253845291,1,0,logistic_regression,0.4643222903917078
1387,0.5445932634705061,1,1,logistic_regression,0.4643222903917078
1388,0.5676632038939071,1,1,logistic_regression,0.4643222903917078
1389,0.40573062505680835,0,0,logistic_regression,0.4643222903917078
1392,0.5619250841687504,1,1,logistic_regression,0.4643222903917078
1393,0.607079905623001,1,1,logistic_regression,0.4643222903917078
1394,0.5102718917317441,1,0,logistic_regression,0.4643222903917078
1395,0.5914738497402011,1,1,logistic_regression,0.4643222903917078
1396,0.5953144469168739,1,1,logistic_regression,0.4643222903917078
1397,0.496485431045402,1,1,logistic_regression,0.4643222903917078
1399,0.552584115086484,1,0,logistic_regression,0.4643222903917078
1401,0.5273357786888786,1,1,logistic_regression,0.4643222903917078
1402,0.5236952425270343,1,1,logistic_regression,0.4643222903917078
1403,0.5257788584269035,1,1,logistic_regression,0.4643222903917078
1405,0.5543153932082082,1,1,logistic_regression,0.4643222903917078
1408,0.43507372545083567,0,1,logistic_regression,0.4643222903917078
1409,0.5491615967178867,1,1,logistic_regression,0.4643222903917078
1411,0.5088932716404646,1,1,logistic_regression,0.4643222903917078
1412,0.647036882720548,1,1,logistic_regression,0.4643222903917078
1413,0.5717384228746721,1,1,logistic_regression,0.4643222903917078
1415,0.6059967232119423,1,1,logistic_regression,0.4643222903917078
1416,0.6175897933321183,1,1,logistic_regression,0.4643222903917078
1417,0.5714305556047318,1,1,logistic_regression,0.4643222903917078
1428,0.5361857292818013,1,1,logistic_regression,0.4643222903917078
1430,0.5207331315450271,1,1,logistic_regression,0.4643222903917078
1431,0.4994987301908761,1,1,logistic_regression,0.4643222903917078
1432,0.4861888208030844,1,1,logistic_regression,0.4643222903917078
1433,0.5035991600694831,1,1,logistic_regression,0.4643222903917078
1439,0.5954665305356523,1,1,logistic_regression,0.4643222903917078
1441,0.5511986453059601,1,1,logistic_regression,0.4643222903917078
1443,0.5453267893733124,1,0,logistic_regression,0.4643222903917078
1444,0.5263243554898528,1,1,logistic_regression,0.4643222903917078
1446,0.5704907704116616,1,1,logistic_regression,0.4643222903917078
1449,0.5649102378996576,1,0,logistic_regression,0.4643222903917078
1454,0.4330400191457752,0,1,logistic_regression,0.4643222903917078
1455,0.5538737098412019,1,1,logistic_regression,0.4643222903917078
1457,0.5746751594978724,1,1,logistic_regression,0.4643222903917078
1463,0.5549699182396715,1,0,logistic_regression,0.4643222903917078
1464,0.5249873395972792,1,1,logistic_regression,0.4643222903917078
1465,0.4527239801144406,0,1,logistic_regression,0.4643222903917078
1472,0.5493708309590206,1,1,logistic_regression,0.4643222903917078
1473,0.5460357570962331,1,1,logistic_regression,0.4643222903917078
1477,0.4784053795251637,1,1,logistic_regression,0.4643222903917078
1483,0.5219493126040141,1,1,logistic_regression,0.4643222903917078
1484,0.6236824341301278,1,1,logistic_regression,0.4643222903917078
1485,0.5083072243840576,1,0,logistic_regression,0.4643222903917078
1486,0.561223314816935,1,1,logistic_regression,0.4643222903917078
1487,0.5184879180870594,1,1,logistic_regression,0.4643222903917078
1489,0.6109669392826473,1,1,logistic_regression,0.4643222903917078
1490,0.5921918747442811,1,0,logistic_regression,0.4643222903917078
1492,0.538969393082699,1,1,logistic_regression,0.4643222903917078
1494,0.4618859683785219,0,1,logistic_regression,0.4643222903917078
1495,0.545833504799649,1,1,logistic_regression,0.4643222903917078
1498,0.5166591961571596,1,1,logistic_regression,0.4643222903917078
1499,0.5919044794248975,1,0,logistic_regression,0.4643222903917078
1502,0.472276733230634,1,0,logistic_regression,0.4643222903917078
1503,0.5072570923378986,1,0,logistic_regression,0.4643222903917078
1505,0.5886089513351728,1,1,logistic_regression,0.4643222903917078
1506,0.52072273553917,1,1,logistic_regression,0.4643222903917078
1507,0.5285876680631526,1,1,logistic_regression,0.4643222903917078
1508,0.6225330108184708,1,1,logistic_regression,0.4643222903917078
1513,0.57968114316933,1,1,logistic_regression,0.4643222903917078
1514,0.6105365717391458,1,1,logistic_regression,0.4643222903917078
1515,0.5708372080923751,1,1,logistic_regression,0.4643222903917078
1516,0.5203504607950106,1,0,logistic_regression,0.4643222903917078
1517,0.4846289549369433,1,1,logistic_regression,0.4643222903917078
1518,0.5334215581449616,1,1,logistic_regression,0.4643222903917078
1520,0.47316177707254364,1,1,logistic_regression,0.4643222903917078
1522,0.6250394637050758,1,1,logistic_regression,0.4643222903917078
1523,0.5713633659672553,1,0,logistic_regression,0.4643222903917078
1524,0.5666479285808286,1,1,logistic_regression,0.4643222903917078
1525,0.5713984874789335,1,1,logistic_regression,0.4643222903917078
1527,0.5208429455921268,1,0,logistic_regression,0.4643222903917078
1532,0.5235168899341,1,1,logistic_regression,0.4643222903917078
1533,0.6065924822513306,1,1,logistic_regression,0.4643222903917078
1534,0.5712250219502992,1,1,logistic_regression,0.4643222903917078
1535,0.5681132976732907,1,1,logistic_regression,0.4643222903917078
1536,0.5487569186198066,1,1,logistic_regression,0.4643222903917078
1541,0.6701873601449412,1,1,logistic_regression,0.4643222903917078
1544,0.5707275930403075,1,0,logistic_regression,0.4643222903917078
1545,0.5911565077243285,1,1,logistic_regression,0.4643222903917078
1546,0.5461292596693952,1,0,logistic_regression,0.4643222903917078
1547,0.5392779079770149,1,1,logistic_regression,0.4643222903917078
1548,0.5952280083297908,1,1,logistic_regression,0.4643222903917078
1553,0.5607048430620588,1,1,logistic_regression,0.4643222903917078
1556,0.550712181346824,1,1,logistic_regression,0.4643222903917078
1558,0.4685702904452798,1,1,logistic_regression,0.4643222903917078
1559,0.5894151890290563,1,1,logistic_regression,0.4643222903917078
1560,0.5378381388050654,1,0,logistic_regression,0.4643222903917078
1564,0.4502466295550634,0,1,logistic_regression,0.4643222903917078
1566,0.5945597245088432,1,1,logistic_regression,0.4643222903917078
1568,0.5463358112604267,1,1,logistic_regression,0.4643222903917078
1570,0.6208416570139478,1,1,logistic_regression,0.4643222903917078
1571,0.5120352191702325,1,1,logistic_regression,0.4643222903917078
1572,0.40207949071608534,0,1,logistic_regression,0.4643222903917078
1575,0.546053420948024,1,0,logistic_regression,0.4643222903917078
1577,0.5738619423922796,1,0,logistic_regression,0.4643222903917078
1578,0.5663038610674135,1,0,logistic_regression,0.4643222903917078
1580,0.5418630426621281,1,1,logistic_regression,0.4643222903917078
1581,0.5388004536398773,1,1,logistic_regression,0.4643222903917078
1582,0.5832575843001547,1,1,logistic_regression,0.4643222903917078
1585,0.5524190025869918,1,1,logistic_regression,0.4643222903917078
1586,0.4866806184072293,1,1,logistic_regression,0.4643222903917078
1587,0.6111043817492083,1,1,logistic_regression,0.4643222903917078
1588,0.5990168871524877,1,0,logistic_regression,0.4643222903917078
1589,0.5668179855744793,1,1,logistic_regression,0.4643222903917078
1593,0.5962405226187069,1,1,logistic_regression,0.4643222903917078
1594,0.5566514993048725,1,1,logistic_regression,0.4643222903917078
1595,0.5252939047715257,1,1,logistic_regression,0.4643222903917078
1600,0.6440017815788839,1,1,logistic_regression,0.4643222903917078
1601,0.5291050517251751,1,1,logistic_regression,0.4643222903917078
1603,0.5257099043385488,1,1,logistic_regression,0.4643222903917078
1606,0.5924138789387933,1,0,logistic_regression,0.4643222903917078
1608,0.5102084395372277,1,1,logistic_regression,0.4643222903917078
1609,0.5299239689917948,1,1,logistic_regression,0.4643222903917078
1610,0.5226590239311297,1,0,logistic_regression,0.4643222903917078
1611,0.5236136975476934,1,0,logistic_regression,0.4643222903917078
1614,0.4975065638986577,1,0,logistic_regression,0.4643222903917078
1615,0.5189152192451306,1,1,logistic_regression,0.4643222903917078
1621,0.5629323696604741,1,1,logistic_regression,0.4643222903917078
1623,0.31875756823039053,0,1,logistic_regression,0.4643222903917078
1624,0.6008098369001591,1,0,logistic_regression,0.4643222903917078
1627,0.5580931702952842,1,1,logistic_regression,0.4643222903917078
1635,0.5487126360204972,1,1,logistic_regression,0.4643222903917078
1636,0.5134312935373854,1,1,logistic_regression,0.4643222903917078
1637,0.5132950315083352,1,1,logistic_regression,0.4643222903917078
1639,0.5061368320460898,1,1,logistic_regression,0.4643222903917078
1640,0.530212047326498,1,1,logistic_regression,0.4643222903917078
1641,0.5135210971005694,1,1,logistic_regression,0.4643222903917078
1645,0.597683906384699,1,1,logistic_regression,0.4643222903917078
1648,0.5773757302230381,1,0,logistic_regression,0.4643222903917078
1649,0.57029873841929,1,0,logistic_regression,0.4643222903917078
1651,0.4811725018161799,1,0,logistic_regression,0.4643222903917078
1652,0.5244206980618069,1,1,logistic_regression,0.4643222903917078
1653,0.591834977096816,1,1,logistic_regression,0.4643222903917078
1654,0.5690295918023669,1,0,logistic_regression,0.4643222903917078
1656,0.6077703574682123,1,1,logistic_regression,0.4643222903917078
1657,0.5522486321137204,1,1,logistic_regression,0.4643222903917078
1659,0.552617415198815,1,1,logistic_regression,0.4643222903917078
1661,0.6001687890109253,1,1,logistic_regression,0.4643222903917078
1662,0.5462665367267693,1,1,logistic_regression,0.4643222903917078
1667,0.5319655066630677,1,1,logistic_regression,0.4643222903917078
1670,0.5231223869249184,1,1,logistic_regression,0.4643222903917078
1671,0.5627577424117421,1,1,logistic_regression,0.4643222903917078
1676,0.5329651757845455,1,0,logistic_regression,0.4643222903917078
1677,0.5716750824133878,1,1,logistic_regression,0.4643222903917078
1681,0.5503592676486665,1,1,logistic_regression,0.4643222903917078
1684,0.6379606474447133,1,1,logistic_regression,0.4643222903917078
1685,0.5767210647110906,1,1,logistic_regression,0.4643222903917078
1690,0.5758702736681114,1,1,logistic_regression,0.4643222903917078
1691,0.5767614131795469,1,0,logistic_regression,0.4643222903917078
1692,0.48154625796524825,1,1,logistic_regression,0.4643222903917078
1693,0.5937876278713123,1,1,logistic_regression,0.4643222903917078
1694,0.5462973461113719,1,1,logistic_regression,0.4643222903917078
1697,0.6312927989969735,1,1,logistic_regression,0.4643222903917078
1698,0.552886246807282,1,1,logistic_regression,0.4643222903917078
1700,0.5322242522990618,1,1,logistic_regression,0.4643222903917078
1703,0.539941304726596,1,1,logistic_regression,0.4643222903917078
1705,0.5284493907354529,1,0,logistic_regression,0.4643222903917078
1706,0.608624175232907,1,0,logistic_regression,0.4643222903917078
1710,0.5366483049230716,1,1,logistic_regression,0.4643222903917078
1711,0.5645052183205064,1,1,logistic_regression,0.4643222903917078
1712,0.629187875788389,1,1,logistic_regression,0.4643222903917078
1714,0.5382748239120058,1,1,logistic_regression,0.4643222903917078
1716,0.5555494809098894,1,1,logistic_regression,0.4643222903917078
1721,0.5066076394918465,1,1,logistic_regression,0.4643222903917078
1722,0.6004379822299607,1,1,logistic_regression,0.4643222903917078
1725,0.5511227949528255,1,1,logistic_regression,0.4643222903917078
1727,0.5233594905393848,1,1,logistic_regression,0.4643222903917078
1728,0.5701565517266437,1,1,logistic_regression,0.4643222903917078
1730,0.5754776990092252,1,1,logistic_regression,0.4643222903917078
1731,0.5415495736522389,1,1,logistic_regression,0.4643222903917078
1733,0.5868086587267505,1,1,logistic_regression,0.4643222903917078
1734,0.562031291216602,1,1,logistic_regression,0.4643222903917078
1735,0.5092947195509312,1,1,logistic_regression,0.4643222903917078
1738,0.5826223981791775,1,1,logistic_regression,0.4643222903917078
1742,0.5675878692316431,1,1,logistic_regression,0.4643222903917078
1744,0.5581761819924227,1,0,logistic_regression,0.4643222903917078
1745,0.5117855810821207,1,1,logistic_regression,0.4643222903917078
1757,0.5681835599748551,1,1,logistic_regression,0.4643222903917078
1758,0.5806505370377142,1,0,logistic_regression,0.4643222903917078
1760,0.5610451981596343,1,0,logistic_regression,0.4643222903917078
1761,0.517846682667944,1,0,logistic_regression,0.4643222903917078
1762,0.5660599800482704,1,1,logistic_regression,0.4643222903917078
1763,0.5759172783982875,1,1,logistic_regression,0.4643222903917078
1767,0.5712996147012436,1,1,logistic_regression,0.4643222903917078
1769,0.4669421711396014,1,1,logistic_regression,0.4643222903917078
1770,0.4999713372542615,1,1,logistic_regression,0.4643222903917078
1772,0.6765044521464729,1,1,logistic_regression,0.4643222903917078
1774,0.5484051916603959,1,1,logistic_regression,0.4643222903917078
1776,0.5808561819111127,1,1,logistic_regression,0.4643222903917078
1777,0.4943099640720254,1,1,logistic_regression,0.4643222903917078
1779,0.5739398922409169,1,1,logistic_regression,0.4643222903917078
1780,0.5971912139741657,1,1,logistic_regression,0.4643222903917078
1782,0.5244037446551278,1,1,logistic_regression,0.4643222903917078
1785,0.5038806086289767,1,1,logistic_regression,0.4643222903917078
1788,0.5394443100552841,1,1,logistic_regression,0.4643222903917078
1789,0.5195102868676089,1,1,logistic_regression,0.4643222903917078
1790,0.5333557823361668,1,1,logistic_regression,0.4643222903917078
1791,0.5533326771990633,1,1,logistic_regression,0.4643222903917078
1792,0.45053351499880284,0,1,logistic_regression,0.4643222903917078
1794,0.3829816377463944,0,0,logistic_regression,0.4643222903917078
1797,0.5461504999681861,1,1,logistic_regression,0.4643222903917078
1801,0.5428964309603838,1,1,logistic_regression,0.4643222903917078
1803,0.5338024640851899,1,1,logistic_regression,0.4643222903917078
1804,0.6443351314514838,1,1,logistic_regression,0.4643222903917078
1806,0.5002055857674618,1,1,logistic_regression,0.4643222903917078
1808,0.5263619941650003,1,1,logistic_regression,0.4643222903917078
1812,0.5694860162971824,1,1,logistic_regression,0.4643222903917078
1813,0.5236353499406413,1,1,logistic_regression,0.4643222903917078
1814,0.5290581798942825,1,1,logistic_regression,0.4643222903917078
1815,0.5680175908888387,1,1,logistic_regression,0.4643222903917078
1816,0.5565150287193671,1,1,logistic_regression,0.4643222903917078
1817,0.5919100193272782,1,0,logistic_regression,0.4643222903917078
1818,0.4396611285881034,0,0,logistic_regression,0.4643222903917078
1819,0.6161352710011492,1,1,logistic_regression,0.4643222903917078
1821,0.5785114656268531,1,1,logistic_regression,0.4643222903917078
1822,0.5460351351476547,1,1,logistic_regression,0.4643222903917078
1823,0.5481873412139016,1,1,logistic_regression,0.4643222903917078
1827,0.60227664297705,1,0,logistic_regression,0.4643222903917078
1828,0.5334160638678002,1,1,logistic_regression,0.4643222903917078
1831,0.5434222926467803,1,1,logistic_regression,0.4643222903917078
1832,0.46598330662231474,1,1,logistic_regression,0.4643222903917078
1833,0.5455538852458074,1,1,logistic_regression,0.4643222903917078
1836,0.580478417875188,1,1,logistic_regression,0.4643222903917078
1839,0.5331232605147503,1,1,logistic_regression,0.4643222903917078
1843,0.5031193317035458,1,1,logistic_regression,0.4643222903917078
1846,0.5782543733727634,1,1,logistic_regression,0.4643222903917078
1848,0.5769075203823086,1,1,logistic_regression,0.4643222903917078
1850,0.526147336004787,1,1,logistic_regression,0.4643222903917078
1852,0.5483284844673126,1,0,logistic_regression,0.4643222903917078
1853,0.5574125859118944,1,0,logistic_regression,0.4643222903917078
1854,0.5121959114275904,1,1,logistic_regression,0.4643222903917078
1855,0.514229670076932,1,1,logistic_regression,0.4643222903917078
1856,0.5426254164065422,1,1,logistic_regression,0.4643222903917078
1858,0.58795604022505,1,1,logistic_regression,0.4643222903917078
1859,0.486334688525852,1,0,logistic_regression,0.4643222903917078
1860,0.5630856699434232,1,0,logistic_regression,0.4643222903917078
1862,0.45994643568220167,0,0,logistic_regression,0.4643222903917078
1864,0.5210563289346302,1,1,logistic_regression,0.4643222903917078
1865,0.533543647896646,1,1,logistic_regression,0.4643222903917078
1866,0.5587622635879753,1,1,logistic_regression,0.4643222903917078
1869,0.43690062080736364,0,1,logistic_regression,0.4643222903917078
1870,0.573450980389055,1,1,logistic_regression,0.4643222903917078
1871,0.5319855931496978,1,1,logistic_regression,0.4643222903917078
1874,0.5230898352615014,1,1,logistic_regression,0.4643222903917078
1878,0.5338287784499433,1,1,logistic_regression,0.4643222903917078
1879,0.5457042209620602,1,1,logistic_regression,0.4643222903917078
1882,0.5967514307738591,1,1,logistic_regression,0.4643222903917078
1883,0.5217059672696683,1,1,logistic_regression,0.4643222903917078
1888,0.5090929756932073,1,1,logistic_regression,0.4643222903917078
1889,0.4078548493420161,0,0,logistic_regression,0.4643222903917078
1891,0.5747328875209881,1,1,logistic_regression,0.4643222903917078
1894,0.5367882451726717,1,1,logistic_regression,0.4643222903917078
1896,0.5777941796779017,1,1,logistic_regression,0.4643222903917078
1897,0.5144023123393948,1,1,logistic_regression,0.4643222903917078
1898,0.5542259353590793,1,0,logistic_regression,0.4643222903917078
1905,0.531891979278583,1,1,logistic_regression,0.4643222903917078
1906,0.45372028460583425,0,0,logistic_regression,0.4643222903917078
1909,0.4982379351553037,1,1,logistic_regression,0.4643222903917078
1911,0.5945813319189945,1,0,logistic_regression,0.4643222903917078
1912,0.5195976217023904,1,0,logistic_regression,0.4643222903917078
1914,0.46402657207215453,0,1,logistic_regression,0.4643222903917078
1915,0.5525925561643524,1,0,logistic_regression,0.4643222903917078
1916,0.5723896893664969,1,1,logistic_regression,0.4643222903917078
1919,0.5556413145625663,1,1,logistic_regression,0.4643222903917078
1923,0.5175600202603216,1,1,logistic_regression,0.4643222903917078
1924,0.5226990986775272,1,0,logistic_regression,0.4643222903917078
1927,0.499314603988264,1,1,logistic_regression,0.4643222903917078
1928,0.5436808941021204,1,1,logistic_regression,0.4643222903917078
1930,0.5322625078666788,1,1,logistic_regression,0.4643222903917078
1931,0.6448257500157187,1,1,logistic_regression,0.4643222903917078
1932,0.5138493057260936,1,1,logistic_regression,0.4643222903917078
1934,0.548554119708369,1,1,logistic_regression,0.4643222903917078
1940,0.5712956625542401,1,0,logistic_regression,0.4643222903917078
1943,0.5076142639873079,1,1,logistic_regression,0.4643222903917078
1947,0.5371392480173179,1,1,logistic_regression,0.4643222903917078
1948,0.5897676385539635,1,1,logistic_regression,0.4643222903917078
1949,0.5048614198739518,1,0,logistic_regression,0.4643222903917078
1951,0.5019865476500418,1,1,logistic_regression,0.4643222903917078
1957,0.5435598797250092,1,1,logistic_regression,0.4643222903917078
1960,0.4956168442373846,1,1,logistic_regression,0.4643222903917078
1962,0.5528261131131027,1,1,logistic_regression,0.4643222903917078
1963,0.5168449327796912,1,1,logistic_regression,0.4643222903917078
1964,0.4377294263414156,0,1,logistic_regression,0.4643222903917078
1967,0.6000286943013133,1,1,logistic_regression,0.4643222903917078
1968,0.6119749754603495,1,1,logistic_regression,0.4643222903917078
1970,0.579516785680079,1,1,logistic_regression,0.4643222903917078
1979,0.5331017180071754,1,0,logistic_regression,0.4643222903917078
1980,0.6065864197222666,1,1,logistic_regression,0.4643222903917078
1982,0.5773007787075184,1,1,logistic_regression,0.4643222903917078
1984,0.5742113888849539,1,0,logistic_regression,0.4643222903917078
1987,0.6051527945696271,1,0,logistic_regression,0.4643222903917078
1993,0.5990559362276558,1,1,logistic_regression,0.4643222903917078
1996,0.6505295871442199,1,0,logistic_regression,0.4643222903917078
1999,0.5260340717549361,1,0,logistic_regression,0.4643222903917078
2005,0.5565901635082565,1,0,logistic_regression,0.4643222903917078
2006,0.5770350051360932,1,0,logistic_regression,0.4643222903917078
2007,0.5141772164642177,1,0,logistic_regression,0.4643222903917078
2009,0.48592241694537347,1,1,logistic_regression,0.4643222903917078
2012,0.5251165776033864,1,1,logistic_regression,0.4643222903917078
2013,0.5906416055928115,1,1,logistic_regression,0.4643222903917078
2014,0.4145447271287117,0,1,logistic_regression,0.4643222903917078
2017,0.44294267003104004,0,1,logistic_regression,0.4643222903917078
2019,0.5081800738570805,1,0,logistic_regression,0.4643222903917078
2020,0.6211825366386581,1,1,logistic_regression,0.4643222903917078
2027,0.6023108644945392,1,1,logistic_regression,0.4643222903917078
2031,0.47718367481937696,1,1,logistic_regression,0.4643222903917078
2032,0.43630090301448815,0,1,logistic_regression,0.4643222903917078
2040,0.32946183516281025,0,1,logistic_regression,0.4643222903917078
2044,0.6092221716641877,1,1,logistic_regression,0.4643222903917078
2046,0.5101416037490053,1,1,logistic_regression,0.4643222903917078
2047,0.5443197709573829,1,0,logistic_regression,0.4643222903917078
2048,0.5926435662444964,1,1,logistic_regression,0.4643222903917078
2049,0.5701794081946805,1,1,logistic_regression,0.4643222903917078
2050,0.5340783436477283,1,1,logistic_regression,0.4643222903917078
2051,0.5314746258470601,1,1,logistic_regression,0.4643222903917078
2053,0.5399151528895036,1,1,logistic_regression,0.4643222903917078
2054,0.526457837065361,1,1,logistic_regression,0.4643222903917078
2058,0.48904189453210223,1,1,logistic_regression,0.4643222903917078
2063,0.56574047566822,1,0,logistic_regression,0.4643222903917078
2070,0.5637812304709003,1,1,logistic_regression,0.4643222903917078
2071,0.42412188408055873,0,1,logistic_regression,0.4643222903917078
2076,0.5467577156544497,1,0,logistic_regression,0.4643222903917078
2080,0.5747533872216956,1,1,logistic_regression,0.4643222903917078
2081,0.5060056319857209,1,0,logistic_regression,0.4643222903917078
2083,0.5710330596255845,1,0,logistic_regression,0.4643222903917078
2087,0.56931578385697,1,1,logistic_regression,0.4643222903917078
2088,0.4682251833336237,1,1,logistic_regression,0.4643222903917078
2089,0.636865085140656,1,1,logistic_regression,0.4643222903917078
2090,0.4905176726486859,1,1,logistic_regression,0.4643222903917078
2092,0.5717718351430268,1,0,logistic_regression,0.4643222903917078
2101,0.548902664148787,1,0,logistic_regression,0.4643222903917078
2103,0.5793476282505988,1,1,logistic_regression,0.4643222903917078
2104,0.5195473519497025,1,1,logistic_regression,0.4643222903917078
2106,0.5295922874313268,1,0,logistic_regression,0.4643222903917078
2107,0.5962951669119807,1,1,logistic_regression,0.4643222903917078
2111,0.4905241410751915,1,1,logistic_regression,0.4643222903917078
2112,0.5393237725859603,1,1,logistic_regression,0.4643222903917078
2113,0.5812545204595638,1,1,logistic_regression,0.4643222903917078
2120,0.48692520430211306,1,1,logistic_regression,0.4643222903917078
2123,0.4639689413225982,0,1,logistic_regression,0.4643222903917078
2126,0.4994681500809381,1,1,logistic_regression,0.4643222903917078
2128,0.5141243965429914,1,0,logistic_regression,0.4643222903917078
2129,0.5544841257761293,1,1,logistic_regression,0.4643222903917078
2130,0.5217682022281153,1,1,logistic_regression,0.4643222903917078
2132,0.5712080963846982,1,1,logistic_regression,0.4643222903917078
2133,0.5064391180854725,1,1,logistic_regression,0.4643222903917078
2136,0.5181450443770584,1,1,logistic_regression,0.4643222903917078
2138,0.5356032158361872,1,1,logistic_regression,0.4643222903917078
2140,0.5348520494818815,1,1,logistic_regression,0.4643222903917078
2141,0.5172615475606909,1,1,logistic_regression,0.4643222903917078
2145,0.5130785503493588,1,0,logistic_regression,0.4643222903917078
2146,0.3935898710207824,0,0,logistic_regression,0.4643222903917078
2147,0.5564396833749415,1,1,logistic_regression,0.4643222903917078
2148,0.5838433474366156,1,0,logistic_regression,0.4643222903917078
2149,0.5677220808644413,1,1,logistic_regression,0.4643222903917078
2154,0.49919318333496715,1,1,logistic_regression,0.4643222903917078
2155,0.4622518007666272,0,1,logistic_regression,0.4643222903917078
2159,0.6145463368741119,1,1,logistic_regression,0.4643222903917078
2161,0.4969404151804385,1,1,logistic_regression,0.4643222903917078
2165,0.4833734678104254,1,1,logistic_regression,0.4643222903917078
2166,0.4792932321333477,1,1,logistic_regression,0.4643222903917078
2167,0.5755387164860573,1,1,logistic_regression,0.4643222903917078
2168,0.5944384976051267,1,1,logistic_regression,0.4643222903917078
2171,0.6290049556328661,1,0,logistic_regression,0.4643222903917078
2172,0.5688821019621141,1,0,logistic_regression,0.4643222903917078
2173,0.41829766736553875,0,1,logistic_regression,0.4643222903917078
2176,0.5466773657920424,1,1,logistic_regression,0.4643222903917078
2179,0.5713927803278825,1,1,logistic_regression,0.4643222903917078
2180,0.4680457512510663,1,1,logistic_regression,0.4643222903917078
2182,0.5181134636435915,1,1,logistic_regression,0.4643222903917078
2184,0.6111586305276178,1,1,logistic_regression,0.4643222903917078
2185,0.5748696435802376,1,1,logistic_regression,0.4643222903917078
2186,0.5199291270676716,1,1,logistic_regression,0.4643222903917078
2188,0.46295936559672374,0,1,logistic_regression,0.4643222903917078
2189,0.544122930541626,1,1,logistic_regression,0.4643222903917078
2190,0.5482190312533883,1,0,logistic_regression,0.4643222903917078
2195,0.4895542473684999,1,0,logistic_regression,0.4643222903917078
2196,0.5411668466111824,1,1,logistic_regression,0.4643222903917078
2202,0.571377824989066,1,1,logistic_regression,0.4643222903917078
2203,0.44688017501155297,0,1,logistic_regression,0.4643222903917078
2204,0.5225457651879772,1,1,logistic_regression,0.4643222903917078
2205,0.5739506883541275,1,1,logistic_regression,0.4643222903917078
2207,0.5426112078305398,1,1,logistic_regression,0.4643222903917078
2208,0.5576644704699122,1,1,logistic_regression,0.4643222903917078
2209,0.5321279744385625,1,0,logistic_regression,0.4643222903917078
2210,0.4483403666463918,0,1,logistic_regression,0.4643222903917078
2211,0.4426719363013495,0,1,logistic_regression,0.4643222903917078
2212,0.6070758684591137,1,1,logistic_regression,0.4643222903917078
2214,0.5764769783476746,1,1,logistic_regression,0.4643222903917078
2219,0.5806011449085083,1,1,logistic_regression,0.4643222903917078
2220,0.5501813194296483,1,1,logistic_regression,0.4643222903917078
2221,0.5627678639686581,1,1,logistic_regression,0.4643222903917078
2222,0.5665272393386528,1,1,logistic_regression,0.4643222903917078
2223,0.5991917572790352,1,1,logistic_regression,0.4643222903917078
2224,0.6142071668788075,1,1,logistic_regression,0.4643222903917078
2227,0.5919031166694712,1,1,logistic_regression,0.4643222903917078
2230,0.6009909958365602,1,0,logistic_regression,0.4643222903917078
2232,0.5093616148131601,1,0,logistic_regression,0.4643222903917078
2233,0.5486437027607628,1,1,logistic_regression,0.4643222903917078
2234,0.5547638779098278,1,0,logistic_regression,0.4643222903917078
2235,0.5308678149401757,1,1,logistic_regression,0.4643222903917078
2236,0.5967460003780684,1,1,logistic_regression,0.4643222903917078
2237,0.3777769975509415,0,0,logistic_regression,0.4643222903917078
2241,0.5733701203313507,1,0,logistic_regression,0.4643222903917078
2242,0.5735151979480366,1,1,logistic_regression,0.4643222903917078
2247,0.4724667947667625,1,1,logistic_regression,0.4643222903917078
2248,0.5892770859553772,1,1,logistic_regression,0.4643222903917078
2250,0.3454050642442022,0,0,logistic_regression,0.4643222903917078
2251,0.5217559395476715,1,0,logistic_regression,0.4643222903917078
2257,0.5281739747537869,1,1,logistic_regression,0.4643222903917078
2259,0.5268821743782093,1,1,logistic_regression,0.4643222903917078
2261,0.5406300209871205,1,1,logistic_regression,0.4643222903917078
2263,0.57912098527188,1,1,logistic_regression,0.4643222903917078
2264,0.5010769534965122,1,1,logistic_regression,0.4643222903917078
2265,0.5914372585386185,1,1,logistic_regression,0.4643222903917078
2266,0.602062706947396,1,1,logistic_regression,0.4643222903917078
2267,0.515124476267064,1,1,logistic_regression,0.4643222903917078
2270,0.6205566975921165,1,1,logistic_regression,0.4643222903917078
2271,0.5659890079222692,1,1,logistic_regression,0.4643222903917078
2278,0.5142896780416796,1,1,logistic_regression,0.4643222903917078
2279,0.5221286774122892,1,1,logistic_regression,0.4643222903917078
2287,0.5397363827670945,1,1,logistic_regression,0.4643222903917078
2289,0.496785484322036,1,1,logistic_regression,0.4643222903917078
2291,0.5307465957599998,1,1,logistic_regression,0.4643222903917078
2293,0.5409795447503406,1,1,logistic_regression,0.4643222903917078
2294,0.5409769201759497,1,1,logistic_regression,0.4643222903917078
2295,0.5243246997227462,1,0,logistic_regression,0.4643222903917078
2297,0.4373799725705611,0,1,logistic_regression,0.4643222903917078
2298,0.5851054179658107,1,1,logistic_regression,0.4643222903917078
2299,0.4345420130709392,0,1,logistic_regression,0.4643222903917078
2300,0.5531439477040969,1,0,logistic_regression,0.4643222903917078
2301,0.5404042287704331,1,0,logistic_regression,0.4643222903917078
2302,0.5402628334812903,1,0,logistic_regression,0.4643222903917078
2303,0.5982417113257542,1,1,logistic_regression,0.4643222903917078
2310,0.38940369481160186,0,1,logistic_regression,0.4643222903917078
2311,0.42227508176577655,0,1,logistic_regression,0.4643222903917078
2312,0.5672731973990434,1,1,logistic_regression,0.4643222903917078
2314,0.5117660262430198,1,1,logistic_regression,0.4643222903917078
2315,0.6160422752576555,1,1,logistic_regression,0.4643222903917078
2316,0.45474950160212446,0,1,logistic_regression,0.4643222903917078
2318,0.5823708606031553,1,1,logistic_regression,0.4643222903917078
2319,0.5337090321320886,1,1,logistic_regression,0.4643222903917078
2321,0.5249485116286523,1,1,logistic_regression,0.4643222903917078
2323,0.4989540371343809,1,1,logistic_regression,0.4643222903917078
2330,0.5818133570813235,1,1,logistic_regression,0.4643222903917078
2332,0.5162632876395348,1,0,logistic_regression,0.4643222903917078
2333,0.6084022645654245,1,1,logistic_regression,0.4643222903917078
2340,0.5511803218024315,1,1,logistic_regression,0.4643222903917078
2342,0.6048948063339308,1,1,logistic_regression,0.4643222903917078
2344,0.5900017749354758,1,1,logistic_regression,0.4643222903917078
2345,0.5974859013511041,1,1,logistic_regression,0.4643222903917078
2349,0.6125108032062542,1,1,logistic_regression,0.4643222903917078
2353,0.6297697963423038,1,1,logistic_regression,0.4643222903917078
2361,0.49565974556393033,1,0,logistic_regression,0.4643222903917078
2367,0.6091667210885724,1,1,logistic_regression,0.4643222903917078
2368,0.5125006816720621,1,1,logistic_regression,0.4643222903917078
2369,0.5795907356557861,1,1,logistic_regression,0.4643222903917078
2372,0.6114784079059359,1,1,logistic_regression,0.4643222903917078
2373,0.6241955562098461,1,1,logistic_regression,0.4643222903917078
2374,0.5668179923811099,1,1,logistic_regression,0.4643222903917078
2376,0.5127263893938729,1,0,logistic_regression,0.4643222903917078
2383,0.5325180392555309,1,1,logistic_regression,0.4643222903917078
2385,0.5364558009210797,1,1,logistic_regression,0.4643222903917078
2386,0.5519084838369857,1,1,logistic_regression,0.4643222903917078
2389,0.5171301297006555,1,1,logistic_regression,0.4643222903917078
2391,0.5126767003593597,1,0,logistic_regression,0.4643222903917078
2392,0.5944072151342579,1,0,logistic_regression,0.4643222903917078
2396,0.45350251518382256,0,1,logistic_regression,0.4643222903917078
2397,0.5310900559260979,1,1,logistic_regression,0.4643222903917078
2399,0.550049941643684,1,0,logistic_regression,0.4643222903917078
2407,0.4836302064407624,1,1,logistic_regression,0.4643222903917078
2409,0.5244466712954876,1,1,logistic_regression,0.4643222903917078
2410,0.45291496989307256,0,1,logistic_regression,0.4643222903917078
2412,0.6114291996388802,1,0,logistic_regression,0.4643222903917078
2414,0.565269563791163,1,1,logistic_regression,0.4643222903917078
2415,0.5382186920797771,1,1,logistic_regression,0.4643222903917078
2416,0.5330098322075765,1,1,logistic_regression,0.4643222903917078
2417,0.5854415299970386,1,1,logistic_regression,0.4643222903917078
2420,0.49176758723592817,1,1,logistic_regression,0.4643222903917078
2422,0.4553363606023548,0,1,logistic_regression,0.4643222903917078
2424,0.49681155621319545,1,1,logistic_regression,0.4643222903917078
2427,0.572164279149874,1,1,logistic_regression,0.4643222903917078
2428,0.5431675008172105,1,1,logistic_regression,0.4643222903917078
2429,0.570509346070683,1,1,logistic_regression,0.4643222903917078
2430,0.5512363368155774,1,1,logistic_regression,0.4643222903917078
2433,0.5670640684411526,1,1,logistic_regression,0.4643222903917078
2434,0.32282284460113314,0,0,logistic_regression,0.4643222903917078
2435,0.5467591809643644,1,1,logistic_regression,0.4643222903917078
2437,0.5668634166730188,1,1,logistic_regression,0.4643222903917078
2441,0.5449425703425246,1,1,logistic_regression,0.4643222903917078
2448,0.5330511859013521,1,1,logistic_regression,0.4643222903917078
2450,0.6338093775953431,1,1,logistic_regression,0.4643222903917078
2452,0.5305447237490315,1,1,logistic_regression,0.4643222903917078
2455,0.6059548646761646,1,1,logistic_regression,0.4643222903917078
2456,0.5496739167227026,1,1,logistic_regression,0.4643222903917078
2457,0.5598721738668275,1,1,logistic_regression,0.4643222903917078
2458,0.5507045356025847,1,0,logistic_regression,0.4643222903917078
2459,0.5331315525520864,1,0,logistic_regression,0.4643222903917078
2463,0.6022726841551029,1,1,logistic_regression,0.4643222903917078
2464,0.6066134587927026,1,1,logistic_regression,0.4643222903917078
2465,0.5627434115847519,1,1,logistic_regression,0.4643222903917078
2466,0.5821714098312043,1,1,logistic_regression,0.4643222903917078
2467,0.5268891729685713,1,1,logistic_regression,0.4643222903917078
2469,0.5598826182654427,1,1,logistic_regression,0.4643222903917078
2470,0.5716917834575201,1,1,logistic_regression,0.4643222903917078
2471,0.576318669089348,1,1,logistic_regression,0.4643222903917078
2472,0.4217345909059418,0,0,logistic_regression,0.4643222903917078
2473,0.5757247272366552,1,1,logistic_regression,0.4643222903917078
2475,0.5590442974682965,1,1,logistic_regression,0.4643222903917078
2476,0.491055332107198,1,1,logistic_regression,0.4643222903917078
2483,0.5197347216837023,1,1,logistic_regression,0.4643222903917078
2484,0.5197384674741125,1,1,logistic_regression,0.4643222903917078
2485,0.5220667878277859,1,1,logistic_regression,0.4643222903917078
2486,0.5515839582722232,1,1,logistic_regression,0.4643222903917078
2489,0.5711135435144963,1,1,logistic_regression,0.4643222903917078
2490,0.559093195156392,1,0,logistic_regression,0.4643222903917078
2491,0.6105446205594566,1,1,logistic_regression,0.4643222903917078
2492,0.5379335421040874,1,1,logistic_regression,0.4643222903917078
2493,0.5673400982758415,1,1,logistic_regression,0.4643222903917078
2494,0.5688220861235835,1,0,logistic_regression,0.4643222903917078
2496,0.5684048931443836,1,1,logistic_regression,0.4643222903917078
2497,0.5625506469701498,1,1,logistic_regression,0.4643222903917078
2499,0.5827893836226873,1,1,logistic_regression,0.4643222903917078
2504,0.36631362304633347,0,1,logistic_regression,0.4643222903917078
2506,0.5493899489823991,1,1,logistic_regression,0.4643222903917078
2508,0.5231051947112713,1,1,logistic_regression,0.4643222903917078
2509,0.5391893046159217,1,1,logistic_regression,0.4643222903917078
2510,0.5135160570904315,1,1,logistic_regression,0.4643222903917078
2511,0.591633263280163,1,0,logistic_regression,0.4643222903917078
2515,0.5621546235687018,1,1,logistic_regression,0.4643222903917078
2516,0.40036889917107427,0,1,logistic_regression,0.4643222903917078
2521,0.5336792160480451,1,1,logistic_regression,0.4643222903917078
2537,0.5583893517234694,1,1,logistic_regression,0.4643222903917078
2538,0.5978301226170049,1,0,logistic_regression,0.4643222903917078
2539,0.5608916164043456,1,1,logistic_regression,0.4643222903917078
2540,0.5339898554581981,1,1,logistic_regression,0.4643222903917078
2541,0.5663956254190747,1,0,logistic_regression,0.4643222903917078
2542,0.5347984154689246,1,1,logistic_regression,0.4643222903917078
2543,0.44410852016017666,0,0,logistic_regression,0.4643222903917078
2546,0.48296539793583637,1,1,logistic_regression,0.4643222903917078
2551,0.5380817217278958,1,1,logistic_regression,0.4643222903917078
2554,0.5443460477432317,1,1,logistic_regression,0.4643222903917078
2558,0.6071108567266204,1,1,logistic_regression,0.4643222903917078
2559,0.5777924705855099,1,1,logistic_regression,0.4643222903917078
2564,0.5626553696769518,1,1,logistic_regression,0.4643222903917078
2567,0.48310147266037534,1,1,logistic_regression,0.4643222903917078
2568,0.467478426437611,1,1,logistic_regression,0.4643222903917078
2569,0.5667133891941947,1,1,logistic_regression,0.4643222903917078
2570,0.5784282915773801,1,1,logistic_regression,0.4643222903917078
2572,0.5556250524771865,1,1,logistic_regression,0.4643222903917078
2573,0.46424488948112164,0,1,logistic_regression,0.4643222903917078
2577,0.5323394719098207,1,1,logistic_regression,0.4643222903917078
2579,0.5691515904725926,1,1,logistic_regression,0.4643222903917078
2583,0.4500372564663641,0,1,logistic_regression,0.4643222903917078
2584,0.5632199693259082,1,1,logistic_regression,0.4643222903917078
2585,0.513981949260587,1,0,logistic_regression,0.4643222903917078
2587,0.543779989740809,1,1,logistic_regression,0.4643222903917078
2591,0.5692187080170302,1,0,logistic_regression,0.4643222903917078
2593,0.6105365023450525,1,1,logistic_regression,0.4643222903917078
2595,0.545740720068644,1,0,logistic_regression,0.4643222903917078
2597,0.47554428373519775,1,1,logistic_regression,0.4643222903917078
2598,0.5507989786320534,1,1,logistic_regression,0.4643222903917078
2601,0.5681521767509553,1,1,logistic_regression,0.4643222903917078
2602,0.5311556152878549,1,1,logistic_regression,0.4643222903917078
2604,0.5580524124535706,1,1,logistic_regression,0.4643222903917078
2607,0.5587526735872647,1,1,logistic_regression,0.4643222903917078
2608,0.49254413992781504,1,1,logistic_regression,0.4643222903917078
2609,0.587578780851543,1,1,logistic_regression,0.4643222903917078
2611,0.38910654385646054,0,1,logistic_regression,0.4643222903917078
2612,0.4448467135255694,0,1,logistic_regression,0.4643222903917078
2613,0.5481949486819855,1,1,logistic_regression,0.4643222903917078
2616,0.546627169381606,1,1,logistic_regression,0.4643222903917078
2619,0.5236150255305347,1,1,logistic_regression,0.4643222903917078
2622,0.5554821242224313,1,1,logistic_regression,0.4643222903917078
2623,0.48085047519089913,1,0,logistic_regression,0.4643222903917078
2626,0.549441891956219,1,1,logistic_regression,0.4643222903917078
2628,0.4735257704566383,1,1,logistic_regression,0.4643222903917078
2634,0.6137043483921224,1,0,logistic_regression,0.4643222903917078
2635,0.24415096671519765,0,1,logistic_regression,0.4643222903917078
2638,0.536982911385636,1,0,logistic_regression,0.4643222903917078
2641,0.5544360342027018,1,1,logistic_regression,0.4643222903917078
2642,0.5528491478909667,1,0,logistic_regression,0.4643222903917078
2644,0.5220672449697138,1,0,logistic_regression,0.4643222903917078
2646,0.6035230002995664,1,1,logistic_regression,0.4643222903917078
2648,0.4942300589574958,1,0,logistic_regression,0.4643222903917078
2651,0.5831743026733106,1,1,logistic_regression,0.4643222903917078
2652,0.5780851493300382,1,1,logistic_regression,0.4643222903917078
2654,0.5716615469994942,1,1,logistic_regression,0.4643222903917078
2655,0.5405116865611996,1,0,logistic_regression,0.4643222903917078
2657,0.5554921953635309,1,1,logistic_regression,0.4643222903917078
2659,0.5886422459903627,1,1,logistic_regression,0.4643222903917078
2660,0.5837657548799845,1,1,logistic_regression,0.4643222903917078
2663,0.5537919276483155,1,1,logistic_regression,0.4643222903917078
2664,0.5979503541662049,1,1,logistic_regression,0.4643222903917078
2666,0.5862935063138753,1,1,logistic_regression,0.4643222903917078
2668,0.5149210382732815,1,1,logistic_regression,0.4643222903917078
2670,0.5184164759326553,1,1,logistic_regression,0.4643222903917078
2671,0.5567236613610829,1,1,logistic_regression,0.4643222903917078
2672,0.5291823706594314,1,1,logistic_regression,0.4643222903917078
2673,0.5537893146349743,1,1,logistic_regression,0.4643222903917078
2674,0.5513754974706915,1,1,logistic_regression,0.4643222903917078
2677,0.5090166608315044,1,1,logistic_regression,0.4643222903917078
2678,0.49009350731002804,1,1,logistic_regression,0.4643222903917078
2679,0.5553334133226078,1,1,logistic_regression,0.4643222903917078
2680,0.5115077995155931,1,0,logistic_regression,0.4643222903917078
2681,0.43360988097274655,0,1,logistic_regression,0.4643222903917078
2683,0.6129421136246951,1,1,logistic_regression,0.4643222903917078
2684,0.5060399552631283,1,1,logistic_regression,0.4643222903917078
2688,0.5097331175325239,1,0,logistic_regression,0.4643222903917078
2689,0.5057024545115976,1,0,logistic_regression,0.4643222903917078
2690,0.5674441592453273,1,0,logistic_regression,0.4643222903917078
2691,0.5611517682902882,1,1,logistic_regression,0.4643222903917078
2693,0.5651797976315097,1,1,logistic_regression,0.4643222903917078
2696,0.633051337521915,1,1,logistic_regression,0.4643222903917078
2700,0.581493249939853,1,1,logistic_regression,0.4643222903917078
2701,0.47797626271249605,1,0,logistic_regression,0.4643222903917078
2704,0.542660534516016,1,1,logistic_regression,0.4643222903917078
2705,0.5751797959787999,1,1,logistic_regression,0.4643222903917078
2706,0.4643631439641211,1,1,logistic_regression,0.4643222903917078
2707,0.597846424087966,1,1,logistic_regression,0.4643222903917078
2710,0.5668528639540132,1,1,logistic_regression,0.4643222903917078
2712,0.5602963955153362,1,1,logistic_regression,0.4643222903917078
2719,0.6170015849765665,1,1,logistic_regression,0.4643222903917078
2720,0.531110661566157,1,1,logistic_regression,0.4643222903917078
2723,0.4944173141174799,1,0,logistic_regression,0.4643222903917078
2724,0.575087296661077,1,1,logistic_regression,0.4643222903917078
2730,0.5467735796668709,1,1,logistic_regression,0.4643222903917078
2731,0.6024154582011026,1,1,logistic_regression,0.4643222903917078
2734,0.5361035079868923,1,1,logistic_regression,0.4643222903917078
2735,0.4195242316748815,0,0,logistic_regression,0.4643222903917078
2736,0.5572755898632457,1,1,logistic_regression,0.4643222903917078
2737,0.5232330680186607,1,1,logistic_regression,0.4643222903917078
2743,0.5066346620800708,1,1,logistic_regression,0.4643222903917078
2745,0.5439805334321619,1,1,logistic_regression,0.4643222903917078
2747,0.4230366684606862,0,0,logistic_regression,0.4643222903917078
2749,0.5197982672871136,1,1,logistic_regression,0.4643222903917078
2750,0.48033397173756304,1,1,logistic_regression,0.4643222903917078
2751,0.6057054116707359,1,1,logistic_regression,0.4643222903917078
2753,0.5424273927573694,1,1,logistic_regression,0.4643222903917078
2755,0.5052346723004985,1,0,logistic_regression,0.4643222903917078
2757,0.3894564142351547,0,1,logistic_regression,0.4643222903917078
2759,0.45167808215283983,0,1,logistic_regression,0.4643222903917078
2764,0.5320619955094485,1,0,logistic_regression,0.4643222903917078
2766,0.5067990306653825,1,1,logistic_regression,0.4643222903917078
2767,0.501576280341384,1,1,logistic_regression,0.4643222903917078
2770,0.49122633735939847,1,1,logistic_regression,0.4643222903917078
2773,0.5764354724160409,1,1,logistic_regression,0.4643222903917078
2775,0.5741112069617761,1,1,logistic_regression,0.4643222903917078
2776,0.5338012688331746,1,1,logistic_regression,0.4643222903917078
2779,0.5447990201348965,1,1,logistic_regression,0.4643222903917078
2780,0.48101225667042113,1,1,logistic_regression,0.4643222903917078
2784,0.5428407717489946,1,0,logistic_regression,0.4643222903917078
2786,0.5415516594818319,1,1,logistic_regression,0.4643222903917078
2790,0.43026466627543786,0,1,logistic_regression,0.4643222903917078
2794,0.5554993112255858,1,1,logistic_regression,0.4643222903917078
2795,0.5462000818483618,1,1,logistic_regression,0.4643222903917078
2797,0.5186595411526679,1,1,logistic_regression,0.4643222903917078
2798,0.5758196125730938,1,1,logistic_regression,0.4643222903917078
2799,0.5730152839097528,1,1,logistic_regression,0.4643222903917078
2800,0.5282846136200747,1,1,logistic_regression,0.4643222903917078
2803,0.6055288925661199,1,1,logistic_regression,0.4643222903917078
2805,0.595011953269242,1,0,logistic_regression,0.4643222903917078
2806,0.545454208520006,1,1,logistic_regression,0.4643222903917078
2810,0.6246267021518976,1,0,logistic_regression,0.4643222903917078
2811,0.4289919494640049,0,1,logistic_regression,0.4643222903917078
2815,0.5476567797564029,1,0,logistic_regression,0.4643222903917078
2816,0.5282432060398434,1,1,logistic_regression,0.4643222903917078
2819,0.5862322989762501,1,1,logistic_regression,0.4643222903917078
2820,0.5079004162927097,1,1,logistic_regression,0.4643222903917078
2822,0.446478903168325,0,0,logistic_regression,0.4643222903917078
2823,0.5643717928263011,1,0,logistic_regression,0.4643222903917078
2824,0.5203205193134064,1,1,logistic_regression,0.4643222903917078
2830,0.5561176374689031,1,1,logistic_regression,0.4643222903917078
2836,0.4435909855445878,0,1,logistic_regression,0.4643222903917078
2837,0.5182652473969412,1,1,logistic_regression,0.4643222903917078
2838,0.5838316872851115,1,0,logistic_regression,0.4643222903917078
2841,0.611690804110597,1,1,logistic_regression,0.4643222903917078
2842,0.534098706024605,1,0,logistic_regression,0.4643222903917078
2844,0.630920921939746,1,1,logistic_regression,0.4643222903917078
2847,0.4647007395810928,1,1,logistic_regression,0.4643222903917078
2851,0.5784580577482281,1,1,logistic_regression,0.4643222903917078
2853,0.585048957608736,1,1,logistic_regression,0.4643222903917078
2856,0.5192062855967784,1,1,logistic_regression,0.4643222903917078
2858,0.5876000523387103,1,1,logistic_regression,0.4643222903917078
2860,0.48688349212594423,1,1,logistic_regression,0.4643222903917078
2861,0.5873998849925575,1,1,logistic_regression,0.4643222903917078
2862,0.5862002499096086,1,1,logistic_regression,0.4643222903917078
2864,0.5816104854951989,1,1,logistic_regression,0.4643222903917078
2865,0.5723253770400871,1,0,logistic_regression,0.4643222903917078
2866,0.5281431038157198,1,0,logistic_regression,0.4643222903917078
2868,0.5522619265001422,1,1,logistic_regression,0.4643222903917078
2869,0.43223591491429064,0,1,logistic_regression,0.4643222903917078
2873,0.5254996585645579,1,1,logistic_regression,0.4643222903917078
2876,0.5652301020684771,1,0,logistic_regression,0.4643222903917078
2877,0.5629349508013859,1,1,logistic_regression,0.4643222903917078
2878,0.5568757269468686,1,0,logistic_regression,0.4643222903917078
2879,0.5694731944482904,1,1,logistic_regression,0.4643222903917078
2880,0.4821610842292566,1,1,logistic_regression,0.4643222903917078
2883,0.5271438368484651,1,0,logistic_regression,0.4643222903917078
2886,0.5194699895156726,1,1,logistic_regression,0.4643222903917078
2887,0.6061782634718251,1,1,logistic_regression,0.4643222903917078
2888,0.5720032215265848,1,1,logistic_regression,0.4643222903917078
2889,0.6039419156772863,1,1,logistic_regression,0.4643222903917078
2890,0.5284376197033746,1,1,logistic_regression,0.4643222903917078
2893,0.6189699064645298,1,1,logistic_regression,0.4643222903917078
2894,0.5463358194217626,1,1,logistic_regression,0.4643222903917078
2895,0.5481194715521994,1,1,logistic_regression,0.4643222903917078
2897,0.5362573530395104,1,1,logistic_regression,0.4643222903917078
2901,0.5627120768073869,1,1,logistic_regression,0.4643222903917078
2902,0.5682958853740575,1,1,logistic_regression,0.4643222903917078
2907,0.5730429817706232,1,1,logistic_regression,0.4643222903917078
2910,0.5347762921748604,1,1,logistic_regression,0.4643222903917078
2915,0.5354803358334175,1,1,logistic_regression,0.4643222903917078
2916,0.5309726402116769,1,1,logistic_regression,0.4643222903917078
2917,0.6246324766243906,1,0,logistic_regression,0.4643222903917078
2921,0.565490670255377,1,1,logistic_regression,0.4643222903917078
2922,0.5929186119154244,1,1,logistic_regression,0.4643222903917078
2925,0.5815439757628826,1,1,logistic_regression,0.4643222903917078
2929,0.514732138657646,1,1,logistic_regression,0.4643222903917078
2933,0.5812773582375705,1,1,logistic_regression,0.4643222903917078
2934,0.5213716753012277,1,1,logistic_regression,0.4643222903917078
2935,0.5547609830897378,1,1,logistic_regression,0.4643222903917078
2936,0.46588575892891154,1,1,logistic_regression,0.4643222903917078
2937,0.5276707413721087,1,1,logistic_regression,0.4643222903917078
2938,0.4200807712429227,0,0,logistic_regression,0.4643222903917078
2939,0.6179819081205914,1,1,logistic_regression,0.4643222903917078
2942,0.5979933807027566,1,0,logistic_regression,0.4643222903917078
2943,0.5776824096076735,1,0,logistic_regression,0.4643222903917078
2944,0.5408061899566121,1,1,logistic_regression,0.4643222903917078
2945,0.4146324377289522,0,1,logistic_regression,0.4643222903917078
2950,0.506199456231006,1,1,logistic_regression,0.4643222903917078
2951,0.5846298006265738,1,0,logistic_regression,0.4643222903917078
2952,0.5901303022090587,1,1,logistic_regression,0.4643222903917078
2954,0.5359855954528483,1,1,logistic_regression,0.4643222903917078
2955,0.6134706650484529,1,1,logistic_regression,0.4643222903917078
2956,0.4778749358275532,1,1,logistic_regression,0.4643222903917078
2959,0.5563876432117387,1,1,logistic_regression,0.4643222903917078
2965,0.5347874090791925,1,1,logistic_regression,0.4643222903917078
2966,0.5781074229904228,1,1,logistic_regression,0.4643222903917078
2968,0.48099395744193874,1,1,logistic_regression,0.4643222903917078
2969,0.5081526047305663,1,1,logistic_regression,0.4643222903917078
2971,0.4594820785156589,0,1,logistic_regression,0.4643222903917078
2972,0.5839815366996207,1,1,logistic_regression,0.4643222903917078
2973,0.5557849631481674,1,1,logistic_regression,0.4643222903917078
2977,0.5073265032586103,1,1,logistic_regression,0.4643222903917078
2978,0.5353047718023579,1,1,logistic_regression,0.4643222903917078
2979,0.4829750291024392,1,1,logistic_regression,0.4643222903917078
2981,0.5669611177978352,1,1,logistic_regression,0.4643222903917078
2984,0.5457625903163339,1,1,logistic_regression,0.4643222903917078
2985,0.5569737128716246,1,1,logistic_regression,0.4643222903917078
2986,0.579084360014387,1,1,logistic_regression,0.4643222903917078
2988,0.6014852120944273,1,1,logistic_regression,0.4643222903917078
2989,0.4486436384236179,0,1,logistic_regression,0.4643222903917078
2994,0.46818209730757065,1,1,logistic_regression,0.4643222903917078
2995,0.5528117472799637,1,0,logistic_regression,0.4643222903917078
3003,0.5229632686432016,1,0,logistic_regression,0.4643222903917078
3007,0.5544341228372521,1,1,logistic_regression,0.4643222903917078
3008,0.5475451367648229,1,1,logistic_regression,0.4643222903917078
3011,0.6153287141948075,1,1,logistic_regression,0.4643222903917078
3012,0.5797697882536064,1,1,logistic_regression,0.4643222903917078
3015,0.5390256474421586,1,1,logistic_regression,0.4643222903917078
3018,0.608554141722925,1,0,logistic_regression,0.4643222903917078
3020,0.569165972167015,1,0,logistic_regression,0.4643222903917078
3021,0.5649813594677822,1,1,logistic_regression,0.4643222903917078
3025,0.4942444894397906,1,1,logistic_regression,0.4643222903917078
3026,0.5736623747189018,1,1,logistic_regression,0.4643222903917078
3027,0.4905823857084894,1,1,logistic_regression,0.4643222903917078
3028,0.48773207658299994,1,1,logistic_regression,0.4643222903917078
3030,0.5963704160124491,1,1,logistic_regression,0.4643222903917078
3031,0.5449075169819693,1,1,logistic_regression,0.4643222903917078
3032,0.581068300022442,1,1,logistic_regression,0.4643222903917078
3033,0.515890362723537,1,1,logistic_regression,0.4643222903917078
3034,0.43104352079350927,0,1,logistic_regression,0.4643222903917078
3036,0.5494940763716449,1,0,logistic_regression,0.4643222903917078
3038,0.4646163888839684,1,0,logistic_regression,0.4643222903917078
3039,0.5776515713061599,1,1,logistic_regression,0.4643222903917078
3042,0.6148770949533906,1,1,logistic_regression,0.4643222903917078
3043,0.5339545424985045,1,0,logistic_regression,0.4643222903917078
3044,0.5000460069981187,1,1,logistic_regression,0.4643222903917078
3045,0.4680469548281745,1,1,logistic_regression,0.4643222903917078
3046,0.5352306737623902,1,1,logistic_regression,0.4643222903917078
3048,0.5502856733148983,1,0,logistic_regression,0.4643222903917078
3049,0.533638133051646,1,0,logistic_regression,0.4643222903917078
3053,0.4336075127144624,0,0,logistic_regression,0.4643222903917078
3054,0.5001282782494538,1,1,logistic_regression,0.4643222903917078
3056,0.5539128181231516,1,1,logistic_regression,0.4643222903917078
3057,0.43417634815859274,0,1,logistic_regression,0.4643222903917078
3059,0.5725937900616553,1,1,logistic_regression,0.4643222903917078
3060,0.5324354583154834,1,1,logistic_regression,0.4643222903917078
3062,0.5514573027548763,1,1,logistic_regression,0.4643222903917078
3065,0.5559570801117774,1,1,logistic_regression,0.4643222903917078
3066,0.5822087178546821,1,1,logistic_regression,0.4643222903917078
3067,0.549919092610937,1,1,logistic_regression,0.4643222903917078
3071,0.6054749881133061,1,0,logistic_regression,0.4643222903917078
3072,0.5223270962835416,1,0,logistic_regression,0.4643222903917078
3073,0.5330672789735856,1,0,logistic_regression,0.4643222903917078
3074,0.5167374294729088,1,1,logistic_regression,0.4643222903917078
3075,0.36348709850269,0,1,logistic_regression,0.4643222903917078
3076,0.5538334096952666,1,0,logistic_regression,0.4643222903917078
3077,0.470605500102101,1,1,logistic_regression,0.4643222903917078
3078,0.5648311420452694,1,0,logistic_regression,0.4643222903917078
3084,0.5586512358637354,1,1,logistic_regression,0.4643222903917078
3085,0.45103867118771157,0,1,logistic_regression,0.4643222903917078
3090,0.5207118825143281,1,1,logistic_regression,0.4643222903917078
3095,0.619778358728571,1,1,logistic_regression,0.4643222903917078
3097,0.5647368827039368,1,1,logistic_regression,0.4643222903917078
3098,0.5815820990334901,1,1,logistic_regression,0.4643222903917078
3099,0.563220881330508,1,1,logistic_regression,0.4643222903917078
3101,0.5868611634320319,1,1,logistic_regression,0.4643222903917078
3103,0.5039453538562623,1,1,logistic_regression,0.4643222903917078
3105,0.6236078000243643,1,0,logistic_regression,0.4643222903917078
3109,0.45534105763746974,0,1,logistic_regression,0.4643222903917078
3110,0.5425681225570602,1,1,logistic_regression,0.4643222903917078
3111,0.5076615107103138,1,1,logistic_regression,0.4643222903917078
3112,0.5129993765684654,1,1,logistic_regression,0.4643222903917078
3115,0.6187276911510537,1,0,logistic_regression,0.4643222903917078
3120,0.6656280068295641,1,0,logistic_regression,0.4643222903917078
3123,0.4926021275260743,1,1,logistic_regression,0.4643222903917078
3125,0.5476718906088761,1,1,logistic_regression,0.4643222903917078
3129,0.5696840563369506,1,1,logistic_regression,0.4643222903917078
3131,0.5604226736132171,1,1,logistic_regression,0.4643222903917078
3133,0.5909664630980177,1,1,logistic_regression,0.4643222903917078
3134,0.5879692597999144,1,1,logistic_regression,0.4643222903917078
3136,0.5472087703006658,1,1,logistic_regression,0.4643222903917078
3137,0.5538584967616528,1,1,logistic_regression,0.4643222903917078
3140,0.5041061383755406,1,1,logistic_regression,0.4643222903917078
3142,0.4966017453228854,1,1,logistic_regression,0.4643222903917078
3144,0.5587765155285267,1,1,logistic_regression,0.4643222903917078
3146,0.5319993137586095,1,1,logistic_regression,0.4643222903917078
3147,0.5818023743417199,1,0,logistic_regression,0.4643222903917078
3148,0.566810960730555,1,1,logistic_regression,0.4643222903917078
3149,0.40202443297773033,0,1,logistic_regression,0.4643222903917078
3150,0.5330271204170878,1,1,logistic_regression,0.4643222903917078
3151,0.529064310652555,1,1,logistic_regression,0.4643222903917078
3152,0.5522056352703049,1,1,logistic_regression,0.4643222903917078
3154,0.5542866114633591,1,1,logistic_regression,0.4643222903917078
3156,0.5856010849103237,1,0,logistic_regression,0.4643222903917078
3157,0.5353479367530481,1,1,logistic_regression,0.4643222903917078
3158,0.5492066988255796,1,1,logistic_regression,0.4643222903917078
3160,0.5282816363462935,1,1,logistic_regression,0.4643222903917078
3163,0.5072390190810493,1,1,logistic_regression,0.4643222903917078
3169,0.5168661087795525,1,1,logistic_regression,0.4643222903917078
3170,0.5552955761446724,1,1,logistic_regression,0.4643222903917078
3177,0.43997787916515557,0,0,logistic_regression,0.4643222903917078
3180,0.6056366937686004,1,1,logistic_regression,0.4643222903917078
3183,0.5489102952962772,1,1,logistic_regression,0.4643222903917078
3185,0.566208267821365,1,0,logistic_regression,0.4643222903917078
3186,0.6055383255814434,1,0,logistic_regression,0.4643222903917078
3187,0.5322507483698667,1,1,logistic_regression,0.4643222903917078
3188,0.485280283082625,1,1,logistic_regression,0.4643222903917078
3192,0.5712622007442528,1,1,logistic_regression,0.4643222903917078
3193,0.5638198212553689,1,1,logistic_regression,0.4643222903917078
3195,0.5756622214491719,1,1,logistic_regression,0.4643222903917078
3197,0.41227005210818946,0,1,logistic_regression,0.4643222903917078
3198,0.5626324952123811,1,0,logistic_regression,0.4643222903917078
3204,0.4520858915149282,0,1,logistic_regression,0.4643222903917078
3206,0.5911131626456139,1,1,logistic_regression,0.4643222903917078
3214,0.5170551242072554,1,1,logistic_regression,0.4643222903917078
3215,0.53543850543035,1,0,logistic_regression,0.4643222903917078
3216,0.5327047503123249,1,1,logistic_regression,0.4643222903917078
3218,0.5869118469572712,1,1,logistic_regression,0.4643222903917078
3219,0.525334975303098,1,1,logistic_regression,0.4643222903917078
3220,0.5801997213259661,1,1,logistic_regression,0.4643222903917078
3222,0.5724097052752714,1,1,logistic_regression,0.4643222903917078
3224,0.5464656618573672,1,1,logistic_regression,0.4643222903917078
3225,0.5206394374527832,1,1,logistic_regression,0.4643222903917078
3226,0.5088760715955154,1,1,logistic_regression,0.4643222903917078
3229,0.5736223903456665,1,1,logistic_regression,0.4643222903917078
3231,0.5714856770758208,1,1,logistic_regression,0.4643222903917078
3234,0.5397585405782799,1,1,logistic_regression,0.4643222903917078
3235,0.5446016733296477,1,1,logistic_regression,0.4643222903917078
3236,0.5362652617906721,1,0,logistic_regression,0.4643222903917078
3238,0.5852558426482101,1,0,logistic_regression,0.4643222903917078
3241,0.4223081166167221,0,0,logistic_regression,0.4643222903917078
3243,0.5577972305068876,1,1,logistic_regression,0.4643222903917078
3248,0.5618978891840782,1,1,logistic_regression,0.4643222903917078
3250,0.5597069274510205,1,1,logistic_regression,0.4643222903917078
3251,0.5555452389535462,1,1,logistic_regression,0.4643222903917078
3256,0.5749037412062251,1,0,logistic_regression,0.4643222903917078
3257,0.5421906846411033,1,0,logistic_regression,0.4643222903917078
3258,0.5161323474579239,1,0,logistic_regression,0.4643222903917078
3259,0.5346339647429044,1,1,logistic_regression,0.4643222903917078
3260,0.5532058188462278,1,1,logistic_regression,0.4643222903917078
3261,0.5745211644650298,1,0,logistic_regression,0.4643222903917078
3262,0.5649590582496913,1,1,logistic_regression,0.4643222903917078
3264,0.5265688183468838,1,1,logistic_regression,0.4643222903917078
3266,0.40041756314608146,0,1,logistic_regression,0.4643222903917078
3267,0.5715693294390676,1,1,logistic_regression,0.4643222903917078
3268,0.6146189809787062,1,1,logistic_regression,0.4643222903917078
3272,0.5000231433074928,1,0,logistic_regression,0.4643222903917078
3273,0.5774246114692407,1,1,logistic_regression,0.4643222903917078
3274,0.5248071870931096,1,0,logistic_regression,0.4643222903917078
3276,0.5789500878463583,1,0,logistic_regression,0.4643222903917078
3278,0.5104644567513359,1,1,logistic_regression,0.4643222903917078
3279,0.5874312711106396,1,0,logistic_regression,0.4643222903917078
3286,0.601061074190629,1,1,logistic_regression,0.4643222903917078
3289,0.5312205495205861,1,1,logistic_regression,0.4643222903917078
3291,0.5309712928582387,1,0,logistic_regression,0.4643222903917078
3293,0.5044437176679734,1,1,logistic_regression,0.4643222903917078
3298,0.5142214048829999,1,1,logistic_regression,0.4643222903917078
3303,0.5309045509324123,1,0,logistic_regression,0.4643222903917078
3304,0.6033391063938005,1,1,logistic_regression,0.4643222903917078
3307,0.5253331761301803,1,1,logistic_regression,0.4643222903917078
3308,0.5689099035182759,1,1,logistic_regression,0.4643222903917078
3311,0.506879302303149,1,1,logistic_regression,0.4643222903917078
3312,0.5822742406786003,1,1,logistic_regression,0.4643222903917078
3313,0.5410869563892184,1,1,logistic_regression,0.4643222903917078
3316,0.545972473380824,1,1,logistic_regression,0.4643222903917078
3322,0.5535256419742598,1,1,logistic_regression,0.4643222903917078
3323,0.48322204793111173,1,1,logistic_regression,0.4643222903917078
3324,0.4820598159933656,1,1,logistic_regression,0.4643222903917078
3328,0.6194916513171761,1,1,logistic_regression,0.4643222903917078
3329,0.6624172955715707,1,1,logistic_regression,0.4643222903917078
3331,0.44325322832417396,0,1,logistic_regression,0.4643222903917078
3335,0.5279195675850873,1,1,logistic_regression,0.4643222903917078
3336,0.5373591930605895,1,1,logistic_regression,0.4643222903917078
3340,0.5709808440417237,1,1,logistic_regression,0.4643222903917078
3346,0.44655459294320954,0,1,logistic_regression,0.4643222903917078
3347,0.4435953191022617,0,1,logistic_regression,0.4643222903917078
3349,0.5775916509939006,1,1,logistic_regression,0.4643222903917078
3350,0.5495037150639174,1,1,logistic_regression,0.4643222903917078
3355,0.5224721810482159,1,1,logistic_regression,0.4643222903917078
3366,0.5201757225882145,1,1,logistic_regression,0.4643222903917078
3367,0.5147721344952424,1,0,logistic_regression,0.4643222903917078
3370,0.5708822293795838,1,0,logistic_regression,0.4643222903917078
3371,0.4994192941656935,1,0,logistic_regression,0.4643222903917078
3372,0.5257131974219262,1,1,logistic_regression,0.4643222903917078
3373,0.5578632007091151,1,1,logistic_regression,0.4643222903917078
3374,0.5754848305079693,1,1,logistic_regression,0.4643222903917078
3376,0.5268397914909125,1,1,logistic_regression,0.4643222903917078
3377,0.5649572337864324,1,1,logistic_regression,0.4643222903917078
3381,0.5713750828143256,1,1,logistic_regression,0.4643222903917078
3382,0.5062567984882637,1,1,logistic_regression,0.4643222903917078
3383,0.5114307525126516,1,1,logistic_regression,0.4643222903917078
3385,0.5488615866334124,1,1,logistic_regression,0.4643222903917078
3389,0.5484247403047993,1,0,logistic_regression,0.4643222903917078
3390,0.4971325772216979,1,1,logistic_regression,0.4643222903917078
3394,0.49190998953494297,1,0,logistic_regression,0.4643222903917078
3395,0.6149772867241402,1,1,logistic_regression,0.4643222903917078
3397,0.56185176952932,1,1,logistic_regression,0.4643222903917078
3400,0.5813173014271906,1,1,logistic_regression,0.4643222903917078
3401,0.5081024358049091,1,0,logistic_regression,0.4643222903917078
3407,0.5844988960750757,1,1,logistic_regression,0.4643222903917078
3410,0.5339296900477514,1,0,logistic_regression,0.4643222903917078
3414,0.512602456056024,1,1,logistic_regression,0.4643222903917078
3418,0.5816850881040176,1,1,logistic_regression,0.4643222903917078
3420,0.5432883080212088,1,1,logistic_regression,0.4643222903917078
3421,0.5783532692685323,1,1,logistic_regression,0.4643222903917078
3422,0.47986344403469483,1,0,logistic_regression,0.4643222903917078
3424,0.5413754613565468,1,1,logistic_regression,0.4643222903917078
3425,0.4289331417106863,0,0,logistic_regression,0.4643222903917078
3426,0.6102083511323265,1,1,logistic_regression,0.4643222903917078
3428,0.46874365002033375,1,1,logistic_regression,0.4643222903917078
3430,0.4994794347409915,1,1,logistic_regression,0.4643222903917078
3433,0.6150522556718416,1,0,logistic_regression,0.4643222903917078
3434,0.5250528727576167,1,0,logistic_regression,0.4643222903917078
3435,0.5843099449508617,1,1,logistic_regression,0.4643222903917078
3436,0.5563929015612759,1,1,logistic_regression,0.4643222903917078
3437,0.6248974533955042,1,1,logistic_regression,0.4643222903917078
3441,0.5734558784156335,1,1,logistic_regression,0.4643222903917078
3442,0.5559088994332295,1,1,logistic_regression,0.4643222903917078
3443,0.6060288907054594,1,0,logistic_regression,0.4643222903917078
3446,0.6104766944999496,1,1,logistic_regression,0.4643222903917078
3447,0.5766843385643026,1,1,logistic_regression,0.4643222903917078
3449,0.5332393614943706,1,1,logistic_regression,0.4643222903917078
3450,0.5540060793957513,1,1,logistic_regression,0.4643222903917078
3451,0.3765143369741817,0,1,logistic_regression,0.4643222903917078
3454,0.6104520598233869,1,1,logistic_regression,0.4643222903917078
3455,0.5914720095160756,1,1,logistic_regression,0.4643222903917078
3457,0.5975602331051552,1,1,logistic_regression,0.4643222903917078
3460,0.5650046641166718,1,1,logistic_regression,0.4643222903917078
3461,0.5839553636412235,1,1,logistic_regression,0.4643222903917078
3463,0.6036809072664153,1,1,logistic_regression,0.4643222903917078
3466,0.5237270177261415,1,1,logistic_regression,0.4643222903917078
3467,0.5265112330761608,1,1,logistic_regression,0.4643222903917078
3468,0.5752802182738634,1,1,logistic_regression,0.4643222903917078
3470,0.5244548110655711,1,1,logistic_regression,0.4643222903917078
3472,0.5790028674369473,1,1,logistic_regression,0.4643222903917078
3473,0.5602529500762714,1,1,logistic_regression,0.4643222903917078
3476,0.5581049438342,1,1,logistic_regression,0.4643222903917078
3477,0.4614291631643094,0,0,logistic_regression,0.4643222903917078
3479,0.5833371832999906,1,1,logistic_regression,0.4643222903917078
3480,0.5452289202798767,1,1,logistic_regression,0.4643222903917078
3483,0.4873484873345016,1,1,logistic_regression,0.4643222903917078
3485,0.5421936999193845,1,1,logistic_regression,0.4643222903917078
3486,0.5654500759995079,1,1,logistic_regression,0.4643222903917078
3487,0.49325231086133015,1,1,logistic_regression,0.4643222903917078
3489,0.5693939738987693,1,1,logistic_regression,0.4643222903917078
3491,0.5281776367842321,1,1,logistic_regression,0.4643222903917078
3496,0.5178426538502534,1,1,logistic_regression,0.4643222903917078
3500,0.5630723409804845,1,0,logistic_regression,0.4643222903917078
3501,0.6216948525774383,1,1,logistic_regression,0.4643222903917078
3502,0.45626208849450867,0,1,logistic_regression,0.4643222903917078
3503,0.5032234781048353,1,1,logistic_regression,0.4643222903917078
3505,0.4914420144894225,1,1,logistic_regression,0.4643222903917078
3506,0.6270905480414127,1,1,logistic_regression,0.4643222903917078
3510,0.5132468529010843,1,1,logistic_regression,0.4643222903917078
3515,0.5485433104413561,1,0,logistic_regression,0.4643222903917078
3519,0.44597414973632304,0,0,logistic_regression,0.4643222903917078
3521,0.47598879213851497,1,1,logistic_regression,0.4643222903917078
3523,0.6056286090348417,1,1,logistic_regression,0.4643222903917078
3530,0.6055760568563685,1,1,logistic_regression,0.4643222903917078
3532,0.5443003269574508,1,0,logistic_regression,0.4643222903917078
3537,0.5376361400473989,1,1,logistic_regression,0.4643222903917078
3538,0.565369479205583,1,0,logistic_regression,0.4643222903917078
3541,0.5512384933884595,1,1,logistic_regression,0.4643222903917078
3545,0.5661152993001122,1,1,logistic_regression,0.4643222903917078
3547,0.5392655583063745,1,1,logistic_regression,0.4643222903917078
3549,0.5815459744613991,1,1,logistic_regression,0.4643222903917078
3554,0.5549871209339251,1,1,logistic_regression,0.4643222903917078
3555,0.5081154618637271,1,1,logistic_regression,0.4643222903917078
3559,0.5858127993923962,1,1,logistic_regression,0.4643222903917078
3560,0.5827318792698956,1,1,logistic_regression,0.4643222903917078
3567,0.5539987246081126,1,1,logistic_regression,0.4643222903917078
3570,0.6153500798715155,1,1,logistic_regression,0.4643222903917078
3576,0.5387077425403942,1,1,logistic_regression,0.4643222903917078
3577,0.5504259359841819,1,0,logistic_regression,0.4643222903917078
3578,0.6054724046658603,1,1,logistic_regression,0.4643222903917078
3579,0.5336508106013776,1,1,logistic_regression,0.4643222903917078
3580,0.5070769778611581,1,1,logistic_regression,0.4643222903917078
3582,0.4733729825877408,1,1,logistic_regression,0.4643222903917078
3584,0.6073127449819622,1,1,logistic_regression,0.4643222903917078
3587,0.5099081415678389,1,0,logistic_regression,0.4643222903917078
3588,0.5517290805894198,1,1,logistic_regression,0.4643222903917078
3589,0.5215017087207741,1,1,logistic_regression,0.4643222903917078
3592,0.5501125985899531,1,1,logistic_regression,0.4643222903917078
3596,0.5359732121527133,1,1,logistic_regression,0.4643222903917078
3597,0.42317726408232237,0,1,logistic_regression,0.4643222903917078
3598,0.5200574156691419,1,1,logistic_regression,0.4643222903917078
3601,0.5233955696473878,1,1,logistic_regression,0.4643222903917078
3606,0.5039532420486672,1,1,logistic_regression,0.4643222903917078
3608,0.6052728235703685,1,1,logistic_regression,0.4643222903917078
3610,0.5352471286803421,1,1,logistic_regression,0.4643222903917078
3611,0.4722006225855856,1,1,logistic_regression,0.4643222903917078
3612,0.5436461382995407,1,1,logistic_regression,0.4643222903917078
3613,0.5339851359453407,1,0,logistic_regression,0.4643222903917078
3614,0.5274570733115295,1,1,logistic_regression,0.4643222903917078
3617,0.5426319393863993,1,1,logistic_regression,0.4643222903917078
3618,0.4752511736420953,1,0,logistic_regression,0.4643222903917078
3619,0.5172391821217779,1,1,logistic_regression,0.4643222903917078
3620,0.5603917069979167,1,1,logistic_regression,0.4643222903917078
3622,0.5744905861362871,1,0,logistic_regression,0.4643222903917078
3624,0.4870992334166038,1,1,logistic_regression,0.4643222903917078
3626,0.4814007945944212,1,1,logistic_regression,0.4643222903917078
3627,0.5650431199369491,1,1,logistic_regression,0.4643222903917078
3628,0.5338017453953657,1,1,logistic_regression,0.4643222903917078
3629,0.5198857033025106,1,1,logistic_regression,0.4643222903917078
3630,0.5750424191880256,1,1,logistic_regression,0.4643222903917078
3631,0.44567100599090703,0,1,logistic_regression,0.4643222903917078
3632,0.5075546766210747,1,1,logistic_regression,0.4643222903917078
3633,0.5018385407929384,1,1,logistic_regression,0.4643222903917078
3634,0.539234784782985,1,1,logistic_regression,0.4643222903917078
3635,0.4109029594523851,0,0,logistic_regression,0.4643222903917078
3636,0.5861384514357247,1,1,logistic_regression,0.4643222903917078
3638,0.5619931175904613,1,1,logistic_regression,0.4643222903917078
3639,0.5187235951889714,1,1,logistic_regression,0.4643222903917078
3640,0.6407347122043406,1,1,logistic_regression,0.4643222903917078
3644,0.5138442989451549,1,1,logistic_regression,0.4643222903917078
3646,0.5238984776384595,1,1,logistic_regression,0.4643222903917078
3647,0.6541773432709542,1,1,logistic_regression,0.4643222903917078
3650,0.5850898179020053,1,1,logistic_regression,0.4643222903917078
3655,0.5209952273657013,1,1,logistic_regression,0.4643222903917078
3660,0.5502507684524731,1,1,logistic_regression,0.4643222903917078
3663,0.5214780076616942,1,1,logistic_regression,0.4643222903917078
3668,0.5086327351619387,1,1,logistic_regression,0.4643222903917078
3669,0.5662738746601353,1,1,logistic_regression,0.4643222903917078
3670,0.47758199139766455,1,0,logistic_regression,0.4643222903917078
3672,0.46032949103840387,0,0,logistic_regression,0.4643222903917078
3674,0.5435122699602958,1,1,logistic_regression,0.4643222903917078
3675,0.5581734358071035,1,1,logistic_regression,0.4643222903917078
3676,0.4864074750658213,1,0,logistic_regression,0.4643222903917078
3677,0.5609123744294132,1,1,logistic_regression,0.4643222903917078
3678,0.5746893863641688,1,1,logistic_regression,0.4643222903917078
3679,0.536590291371921,1,1,logistic_regression,0.4643222903917078
3680,0.5566356616700288,1,1,logistic_regression,0.4643222903917078
3683,0.595122995839738,1,1,logistic_regression,0.4643222903917078
3686,0.523842536943164,1,0,logistic_regression,0.4643222903917078
3688,0.5602981065140591,1,1,logistic_regression,0.4643222903917078
3690,0.6030680389060776,1,1,logistic_regression,0.4643222903917078
3691,0.5601255718007401,1,0,logistic_regression,0.4643222903917078
3698,0.5657308065347897,1,1,logistic_regression,0.4643222903917078
3699,0.4683101885412638,1,0,logistic_regression,0.4643222903917078
3700,0.5284070048321694,1,1,logistic_regression,0.4643222903917078
3704,0.545944196394025,1,1,logistic_regression,0.4643222903917078
3711,0.5435195451456278,1,1,logistic_regression,0.4643222903917078
3717,0.5550065745420185,1,1,logistic_regression,0.4643222903917078
3719,0.5290904772781654,1,1,logistic_regression,0.4643222903917078
3720,0.6150247033290217,1,1,logistic_regression,0.4643222903917078
3727,0.5293751268148424,1,0,logistic_regression,0.4643222903917078
3728,0.5801134610598301,1,1,logistic_regression,0.4643222903917078
3729,0.5621419781067425,1,1,logistic_regression,0.4643222903917078
3731,0.56957753190785,1,1,logistic_regression,0.4643222903917078
3735,0.574277824235531,1,1,logistic_regression,0.4643222903917078
3737,0.5818712999262442,1,1,logistic_regression,0.4643222903917078
3740,0.5598662952721255,1,1,logistic_regression,0.4643222903917078
3742,0.5310469804094813,1,1,logistic_regression,0.4643222903917078
3743,0.5413781285428095,1,1,logistic_regression,0.4643222903917078
3744,0.5833469359144925,1,1,logistic_regression,0.4643222903917078
3746,0.5281443341523444,1,0,logistic_regression,0.4643222903917078
3749,0.6245107893384063,1,1,logistic_regression,0.4643222903917078
3750,0.4627530715831547,0,0,logistic_regression,0.4643222903917078
3753,0.5740846199133048,1,1,logistic_regression,0.4643222903917078
3755,0.6016559410534372,1,1,logistic_regression,0.4643222903917078
3756,0.4415427948519126,0,1,logistic_regression,0.4643222903917078
3757,0.529653567102108,1,1,logistic_regression,0.4643222903917078
3758,0.5067346224956538,1,1,logistic_regression,0.4643222903917078
3760,0.5188665873516786,1,1,logistic_regression,0.4643222903917078
3763,0.557575212960643,1,1,logistic_regression,0.4643222903917078
3766,0.606195203784543,1,1,logistic_regression,0.4643222903917078
3768,0.5742116249063989,1,0,logistic_regression,0.4643222903917078
3770,0.5335968222782743,1,1,logistic_regression,0.4643222903917078
3771,0.5725742235933103,1,1,logistic_regression,0.4643222903917078
3772,0.5615266465425622,1,1,logistic_regression,0.4643222903917078
3773,0.5533051091253124,1,1,logistic_regression,0.4643222903917078
3774,0.49938040639708714,1,0,logistic_regression,0.4643222903917078
3776,0.5657191615659096,1,1,logistic_regression,0.4643222903917078
3778,0.5617559011858011,1,1,logistic_regression,0.4643222903917078
3780,0.5301127696534006,1,1,logistic_regression,0.4643222903917078
3781,0.49502950303893095,1,0,logistic_regression,0.4643222903917078
3782,0.5963350055452424,1,1,logistic_regression,0.4643222903917078
3783,0.5646207513726941,1,1,logistic_regression,0.4643222903917078
3786,0.5604812069061046,1,0,logistic_regression,0.4643222903917078
3787,0.5668696947601666,1,1,logistic_regression,0.4643222903917078
3791,0.5668095877716409,1,1,logistic_regression,0.4643222903917078
3792,0.6056151343501032,1,0,logistic_regression,0.4643222903917078
3793,0.5045946778059472,1,0,logistic_regression,0.4643222903917078
3794,0.5424555625788995,1,0,logistic_regression,0.4643222903917078
3796,0.5306862300811085,1,0,logistic_regression,0.4643222903917078
3798,0.5628582177749129,1,1,logistic_regression,0.4643222903917078
3802,0.5202058085217405,1,1,logistic_regression,0.4643222903917078
3811,0.5775885552939946,1,1,logistic_regression,0.4643222903917078
3813,0.5708230056964926,1,1,logistic_regression,0.4643222903917078
3819,0.565090905341505,1,1,logistic_regression,0.4643222903917078
3820,0.641173388534194,1,1,logistic_regression,0.4643222903917078
3822,0.4526397262847314,0,0,logistic_regression,0.4643222903917078
3824,0.5422557893048325,1,1,logistic_regression,0.4643222903917078
3825,0.4981199419690905,1,0,logistic_regression,0.4643222903917078
3826,0.5272896339059051,1,1,logistic_regression,0.4643222903917078
3828,0.5535419424564172,1,0,logistic_regression,0.4643222903917078
3832,0.5735722385590694,1,1,logistic_regression,0.4643222903917078
3833,0.5839883954843829,1,1,logistic_regression,0.4643222903917078
3837,0.5632010933465926,1,0,logistic_regression,0.4643222903917078
3840,0.5507786365847389,1,1,logistic_regression,0.4643222903917078
3841,0.6052175589904372,1,1,logistic_regression,0.4643222903917078
3842,0.5472095767355913,1,1,logistic_regression,0.4643222903917078
3848,0.5093778582018585,1,1,logistic_regression,0.4643222903917078
3851,0.4945977280888747,1,1,logistic_regression,0.4643222903917078
3852,0.4542742067510155,0,1,logistic_regression,0.4643222903917078
3853,0.5829224433903057,1,0,logistic_regression,0.4643222903917078
3855,0.5018264471088344,1,1,logistic_regression,0.4643222903917078
3856,0.5479732764254589,1,0,logistic_regression,0.4643222903917078
3858,0.6080060292741012,1,1,logistic_regression,0.4643222903917078
3859,0.5635655155417597,1,0,logistic_regression,0.4643222903917078
3860,0.3244655904603637,0,1,logistic_regression,0.4643222903917078
3863,0.5851990975550054,1,1,logistic_regression,0.4643222903917078
3865,0.5514433870833025,1,1,logistic_regression,0.4643222903917078
3866,0.5217878325064474,1,1,logistic_regression,0.4643222903917078
3867,0.5824718685642268,1,0,logistic_regression,0.4643222903917078
3877,0.4994903533965364,1,0,logistic_regression,0.4643222903917078
3879,0.4954288049278457,1,1,logistic_regression,0.4643222903917078
3881,0.43366699840802964,0,0,logistic_regression,0.4643222903917078
3882,0.5232687995406171,1,1,logistic_regression,0.4643222903917078
3883,0.5373236940166494,1,1,logistic_regression,0.4643222903917078
3884,0.5591409592327868,1,0,logistic_regression,0.4643222903917078
3891,0.6189568984914915,1,1,logistic_regression,0.4643222903917078
3893,0.5935620221759939,1,1,logistic_regression,0.4643222903917078
3895,0.6123645565942223,1,1,logistic_regression,0.4643222903917078
3899,0.43933875453856863,0,1,logistic_regression,0.4643222903917078
3900,0.5446460133739892,1,1,logistic_regression,0.4643222903917078
3902,0.5404142383634682,1,1,logistic_regression,0.4643222903917078
3903,0.5131442675907488,1,1,logistic_regression,0.4643222903917078
3905,0.591318010147972,1,0,logistic_regression,0.4643222903917078
3908,0.5366533272625648,1,1,logistic_regression,0.4643222903917078
3910,0.5578681514918777,1,1,logistic_regression,0.4643222903917078
3912,0.5410546805278499,1,0,logistic_regression,0.4643222903917078
3915,0.5381588580525045,1,1,logistic_regression,0.4643222903917078
3916,0.5061976984108201,1,1,logistic_regression,0.4643222903917078
3919,0.6069692230691656,1,1,logistic_regression,0.4643222903917078
3921,0.5744450054918065,1,1,logistic_regression,0.4643222903917078
3923,0.5411988440220458,1,1,logistic_regression,0.4643222903917078
3926,0.5690781124128331,1,1,logistic_regression,0.4643222903917078
3928,0.5299795508403392,1,0,logistic_regression,0.4643222903917078
3929,0.46537576080663173,1,1,logistic_regression,0.4643222903917078
3931,0.5249639432647603,1,0,logistic_regression,0.4643222903917078
3933,0.4673392183066278,1,1,logistic_regression,0.4643222903917078
3936,0.5278247324294005,1,0,logistic_regression,0.4643222903917078
3937,0.426230105874823,0,1,logistic_regression,0.4643222903917078
3938,0.5585624135269156,1,1,logistic_regression,0.4643222903917078
3941,0.6089389675827072,1,1,logistic_regression,0.4643222903917078
3942,0.5280867925502606,1,0,logistic_regression,0.4643222903917078
3944,0.5405307856732681,1,1,logistic_regression,0.4643222903917078
3945,0.5635550978526107,1,1,logistic_regression,0.4643222903917078
3946,0.48153968711821216,1,1,logistic_regression,0.4643222903917078
3947,0.5254425396686578,1,0,logistic_regression,0.4643222903917078
3951,0.6157905871783831,1,1,logistic_regression,0.4643222903917078
3952,0.419903377265628,0,0,logistic_regression,0.4643222903917078
3960,0.5694758050600298,1,1,logistic_regression,0.4643222903917078
3962,0.5385978464119847,1,1,logistic_regression,0.4643222903917078
3963,0.5849366763843001,1,1,logistic_regression,0.4643222903917078
3964,0.6159894002465316,1,1,logistic_regression,0.4643222903917078
3969,0.5399124495221224,1,0,logistic_regression,0.4643222903917078
3972,0.5781683983295545,1,0,logistic_regression,0.4643222903917078
3976,0.48695382495554296,1,0,logistic_regression,0.4643222903917078
3985,0.5337592113928132,1,1,logistic_regression,0.4643222903917078
3990,0.6070926348648902,1,1,logistic_regression,0.4643222903917078
3991,0.4900142354885346,1,0,logistic_regression,0.4643222903917078
3996,0.4754358906854093,1,0,logistic_regression,0.4643222903917078
3997,0.5754494342928543,1,0,logistic_regression,0.4643222903917078
4000,0.5630971187960873,1,1,logistic_regression,0.4643222903917078
4001,0.5758361070608411,1,1,logistic_regression,0.4643222903917078
4002,0.5861443432851752,1,1,logistic_regression,0.4643222903917078
4005,0.5670306196413134,1,1,logistic_regression,0.4643222903917078
4006,0.5130489378517623,1,1,logistic_regression,0.4643222903917078
4008,0.5569180010275763,1,0,logistic_regression,0.4643222903917078
4010,0.6189863949675329,1,1,logistic_regression,0.4643222903917078
4016,0.570955827522216,1,1,logistic_regression,0.4643222903917078
4020,0.5799198810400309,1,1,logistic_regression,0.4643222903917078
4022,0.5295194726038639,1,1,logistic_regression,0.4643222903917078
4029,0.5497574419786232,1,1,logistic_regression,0.4643222903917078
4031,0.5748417707461321,1,1,logistic_regression,0.4643222903917078
4032,0.5576114333739074,1,1,logistic_regression,0.4643222903917078
4034,0.6153847981471975,1,1,logistic_regression,0.4643222903917078
4036,0.5641270909376835,1,1,logistic_regression,0.4643222903917078
4038,0.5452841191520724,1,1,logistic_regression,0.4643222903917078
4039,0.52153809347552,1,0,logistic_regression,0.4643222903917078
4043,0.5464383098676887,1,1,logistic_regression,0.4643222903917078
4048,0.4988120745699118,1,0,logistic_regression,0.4643222903917078
4050,0.5269295514210797,1,1,logistic_regression,0.4643222903917078
4057,0.5564330288037119,1,1,logistic_regression,0.4643222903917078
4059,0.6474987736541019,1,1,logistic_regression,0.4643222903917078
4063,0.5230571461949409,1,1,logistic_regression,0.4643222903917078
4064,0.48844472390334237,1,1,logistic_regression,0.4643222903917078
4066,0.5873410276630403,1,1,logistic_regression,0.4643222903917078
4067,0.5906816175874989,1,0,logistic_regression,0.4643222903917078
4070,0.5254211413554799,1,1,logistic_regression,0.4643222903917078
4072,0.5681752604292517,1,1,logistic_regression,0.4643222903917078
4073,0.48365265949898195,1,1,logistic_regression,0.4643222903917078
4074,0.5234259386577408,1,1,logistic_regression,0.4643222903917078
4075,0.48204071209703697,1,0,logistic_regression,0.4643222903917078
4077,0.5229765764719162,1,1,logistic_regression,0.4643222903917078
4078,0.5285926062199572,1,0,logistic_regression,0.4643222903917078
4083,0.5190206146997631,1,0,logistic_regression,0.4643222903917078
4084,0.5046787598792893,1,1,logistic_regression,0.4643222903917078
4085,0.5302992744525813,1,0,logistic_regression,0.4643222903917078
4086,0.5560502232959277,1,1,logistic_regression,0.4643222903917078
4088,0.5719702005321062,1,1,logistic_regression,0.4643222903917078
4090,0.48123862498281383,1,1,logistic_regression,0.4643222903917078
4094,0.5303421350440318,1,1,logistic_regression,0.4643222903917078
4097,0.5047753500417712,1,0,logistic_regression,0.4643222903917078
4100,0.42401372463894343,0,0,logistic_regression,0.4643222903917078
4102,0.539066637136624,1,1,logistic_regression,0.4643222903917078
4103,0.6227934961617113,1,1,logistic_regression,0.4643222903917078
4105,0.5140500442524857,1,1,logistic_regression,0.4643222903917078
4106,0.49490242115467636,1,1,logistic_regression,0.4643222903917078
4107,0.49641240868913983,1,1,logistic_regression,0.4643222903917078
4109,0.4564642517236103,0,1,logistic_regression,0.4643222903917078
4111,0.512996539289827,1,0,logistic_regression,0.4643222903917078
4112,0.49838319591755753,1,1,logistic_regression,0.4643222903917078
4114,0.552515723961858,1,1,logistic_regression,0.4643222903917078
4117,0.6207273758661991,1,1,logistic_regression,0.4643222903917078
4119,0.5504892956142522,1,1,logistic_regression,0.4643222903917078
4124,0.5804913619198845,1,1,logistic_regression,0.4643222903917078
4127,0.6276204702160428,1,1,logistic_regression,0.4643222903917078
4129,0.5507250102680435,1,0,logistic_regression,0.4643222903917078
4134,0.5308773123942313,1,1,logistic_regression,0.4643222903917078
4135,0.5807661873876518,1,1,logistic_regression,0.4643222903917078
4142,0.4134838762298767,0,1,logistic_regression,0.4643222903917078
4144,0.574977725735528,1,1,logistic_regression,0.4643222903917078
4145,0.5454732280847412,1,0,logistic_regression,0.4643222903917078
4148,0.5443126517440071,1,1,logistic_regression,0.4643222903917078
4149,0.5819385553639634,1,0,logistic_regression,0.4643222903917078
4152,0.5575805225723405,1,1,logistic_regression,0.4643222903917078
4154,0.49690992209688,1,1,logistic_regression,0.4643222903917078
4155,0.47718334873658347,1,1,logistic_regression,0.4643222903917078
4158,0.5140717229874329,1,1,logistic_regression,0.4643222903917078
4159,0.5059463831582975,1,0,logistic_regression,0.4643222903917078
4160,0.5770990091397238,1,1,logistic_regression,0.4643222903917078
4161,0.5279716927806856,1,0,logistic_regression,0.4643222903917078
4166,0.4919916637945341,1,1,logistic_regression,0.4643222903917078
4169,0.560060432563941,1,1,logistic_regression,0.4643222903917078
4174,0.6054642069147697,1,1,logistic_regression,0.4643222903917078
4179,0.5080342251126443,1,1,logistic_regression,0.4643222903917078
4181,0.5340974078328141,1,1,logistic_regression,0.4643222903917078
4183,0.5872972711509262,1,0,logistic_regression,0.4643222903917078
4185,0.5056771880679178,1,1,logistic_regression,0.4643222903917078
4186,0.4643222903917078,1,1,logistic_regression,0.4643222903917078
4187,0.5639264259271195,1,1,logistic_regression,0.4643222903917078
4192,0.5924572996800839,1,1,logistic_regression,0.4643222903917078
4197,0.5460729956118743,1,1,logistic_regression,0.4643222903917078
4198,0.6098365853610113,1,1,logistic_regression,0.4643222903917078
4199,0.5542880047005294,1,1,logistic_regression,0.4643222903917078
4200,0.6129060037235174,1,1,logistic_regression,0.4643222903917078
4201,0.6057747529204887,1,1,logistic_regression,0.4643222903917078
4203,0.5932257771834291,1,1,logistic_regression,0.4643222903917078
4206,0.5174486089829559,1,1,logistic_regression,0.4643222903917078
4207,0.5863672503431943,1,1,logistic_regression,0.4643222903917078
4210,0.6132181766140558,1,1,logistic_regression,0.4643222903917078
4211,0.5201583814051276,1,0,logistic_regression,0.4643222903917078
4213,0.5518611525866456,1,1,logistic_regression,0.4643222903917078
4215,0.507662832487777,1,0,logistic_regression,0.4643222903917078
4216,0.5084896073951027,1,1,logistic_regression,0.4643222903917078
4218,0.5802862627280063,1,1,logistic_regression,0.4643222903917078
4220,0.6207802011648068,1,1,logistic_regression,0.4643222903917078
4221,0.5813221764689371,1,1,logistic_regression,0.4643222903917078
4223,0.5412377191634198,1,0,logistic_regression,0.4643222903917078
4225,0.5300890050646409,1,1,logistic_regression,0.4643222903917078
4227,0.5252777382692819,1,1,logistic_regression,0.4643222903917078
4228,0.5253527176688003,1,1,logistic_regression,0.4643222903917078
4230,0.5439365601733094,1,1,logistic_regression,0.4643222903917078
4231,0.5644683729940219,1,0,logistic_regression,0.4643222903917078
4233,0.5548606704316265,1,1,logistic_regression,0.4643222903917078
4234,0.6636910312557958,1,1,logistic_regression,0.4643222903917078
4236,0.6021533011734944,1,0,logistic_regression,0.4643222903917078
4240,0.5676880320279645,1,1,logistic_regression,0.4643222903917078
4243,0.5178593035730612,1,1,logistic_regression,0.4643222903917078
4244,0.5783876298145463,1,1,logistic_regression,0.4643222903917078
4249,0.5886253267997206,1,1,logistic_regression,0.4643222903917078
4253,0.587194168725948,1,1,logistic_regression,0.4643222903917078
4255,0.5123242685431112,1,1,logistic_regression,0.4643222903917078
4258,0.5328458455023347,1,1,logistic_regression,0.4643222903917078
4261,0.5599192731218645,1,1,logistic_regression,0.4643222903917078
4262,0.5739751080203255,1,1,logistic_regression,0.4643222903917078
4263,0.6023978396136107,1,1,logistic_regression,0.4643222903917078
4264,0.43375967087321954,0,1,logistic_regression,0.4643222903917078
4266,0.5567622649262175,1,0,logistic_regression,0.4643222903917078
4272,0.539601318336001,1,1,logistic_regression,0.4643222903917078
4273,0.5579203678802126,1,1,logistic_regression,0.4643222903917078
4275,0.5547680118652648,1,1,logistic_regression,0.4643222903917078
4280,0.5077039470793223,1,0,logistic_regression,0.4643222903917078
4282,0.6108453937463307,1,1,logistic_regression,0.4643222903917078
4284,0.5295201643403856,1,1,logistic_regression,0.4643222903917078
4286,0.47091859097018723,1,0,logistic_regression,0.4643222903917078
4289,0.6567622416762541,1,1,logistic_regression,0.4643222903917078
4292,0.5181486307075444,1,1,logistic_regression,0.4643222903917078
4296,0.540651425580427,1,1,logistic_regression,0.4643222903917078
4300,0.6218595923883392,1,0,logistic_regression,0.4643222903917078
4303,0.5540183789025096,1,1,logistic_regression,0.4643222903917078
4304,0.5635887430511678,1,0,logistic_regression,0.4643222903917078
4305,0.5140344497346373,1,1,logistic_regression,0.4643222903917078
4310,0.5816803974677254,1,1,logistic_regression,0.4643222903917078
4313,0.40939894685342665,0,1,logistic_regression,0.4643222903917078
4315,0.6050285957931077,1,1,logistic_regression,0.4643222903917078
4317,0.5845001857952948,1,1,logistic_regression,0.4643222903917078
4320,0.6229733444210879,1,1,logistic_regression,0.4643222903917078
4321,0.5630541379112859,1,1,logistic_regression,0.4643222903917078
4323,0.47135804600868164,1,1,logistic_regression,0.4643222903917078
4327,0.4851525485282156,1,1,logistic_regression,0.4643222903917078
4330,0.47885668949667254,1,1,logistic_regression,0.4643222903917078
4331,0.5643551894368789,1,1,logistic_regression,0.4643222903917078
4334,0.5566300612800543,1,1,logistic_regression,0.4643222903917078
4335,0.5850606098230642,1,1,logistic_regression,0.4643222903917078
4337,0.5584027725196404,1,1,logistic_regression,0.4643222903917078
4340,0.562976183497666,1,1,logistic_regression,0.4643222903917078
4342,0.4769513956381732,1,1,logistic_regression,0.4643222903917078
4345,0.5278589485996454,1,1,logistic_regression,0.4643222903917078
4347,0.5664641617818486,1,1,logistic_regression,0.4643222903917078
4354,0.5713796229313486,1,1,logistic_regression,0.4643222903917078
4360,0.5335648130416946,1,1,logistic_regression,0.4643222903917078
4362,0.6044325988325947,1,0,logistic_regression,0.4643222903917078
4364,0.6939326991229017,1,1,logistic_regression,0.4643222903917078
4367,0.5767328757075315,1,1,logistic_regression,0.4643222903917078
4368,0.5327097661034561,1,1,logistic_regression,0.4643222903917078
4373,0.5788272670146775,1,1,logistic_regression,0.4643222903917078
4375,0.5435037137056101,1,1,logistic_regression,0.4643222903917078
4379,0.604456209486976,1,1,logistic_regression,0.4643222903917078
4380,0.5164041464542624,1,1,logistic_regression,0.4643222903917078
4383,0.4960414147721502,1,1,logistic_regression,0.4643222903917078
4385,0.5852114225914263,1,0,logistic_regression,0.4643222903917078
4391,0.5637072261051086,1,0,logistic_regression,0.4643222903917078
4392,0.6032058252192042,1,1,logistic_regression,0.4643222903917078
4394,0.521088692435608,1,1,logistic_regression,0.4643222903917078
4396,0.5076379453282863,1,0,logistic_regression,0.4643222903917078
4398,0.5296300494738045,1,1,logistic_regression,0.4643222903917078
4399,0.49959603576523953,1,1,logistic_regression,0.4643222903917078
4400,0.5104015606731918,1,1,logistic_regression,0.4643222903917078
4402,0.48319773938273625,1,1,logistic_regression,0.4643222903917078
4408,0.4717734933283695,1,1,logistic_regression,0.4643222903917078
4409,0.5626238813341266,1,1,logistic_regression,0.4643222903917078
4412,0.5830076042258809,1,0,logistic_regression,0.4643222903917078
4413,0.5342104892832632,1,0,logistic_regression,0.4643222903917078
4416,0.4814155596832562,1,1,logistic_regression,0.4643222903917078
4419,0.5714641626788612,1,1,logistic_regression,0.4643222903917078
4423,0.5383684639969974,1,1,logistic_regression,0.4643222903917078
4425,0.5147878543950694,1,1,logistic_regression,0.4643222903917078
4428,0.62858714553536,1,1,logistic_regression,0.4643222903917078
4435,0.5051599007023132,1,1,logistic_regression,0.4643222903917078
4437,0.5421694495677353,1,1,logistic_regression,0.4643222903917078
4439,0.5007345362392797,1,1,logistic_regression,0.4643222903917078
4440,0.5613094409254613,1,1,logistic_regression,0.4643222903917078
4441,0.4641491437544582,0,0,logistic_regression,0.4643222903917078
4447,0.4749372040802282,1,1,logistic_regression,0.4643222903917078
4453,0.565393485940108,1,1,logistic_regression,0.4643222903917078
4456,0.5344476574232264,1,1,logistic_regression,0.4643222903917078
4457,0.551522754400092,1,1,logistic_regression,0.4643222903917078
4473,0.5575867271968049,1,1,logistic_regression,0.4643222903917078
4475,0.5434844950874785,1,1,logistic_regression,0.4643222903917078
4476,0.49989271445333766,1,1,logistic_regression,0.4643222903917078
4477,0.5445044835495458,1,1,logistic_regression,0.4643222903917078
4480,0.569245695280235,1,1,logistic_regression,0.4643222903917078
4482,0.5233813582560778,1,1,logistic_regression,0.4643222903917078
4486,0.5840343665235187,1,1,logistic_regression,0.4643222903917078
4492,0.5505705001323324,1,1,logistic_regression,0.4643222903917078
4494,0.6152583041777447,1,1,logistic_regression,0.4643222903917078
4496,0.5664194094937173,1,1,logistic_regression,0.4643222903917078
4497,0.5710486779520031,1,1,logistic_regression,0.4643222903917078
4500,0.5518895660515991,1,1,logistic_regression,0.4643222903917078
4504,0.6337267793615816,1,0,logistic_regression,0.4643222903917078
4506,0.5725383990115028,1,0,logistic_regression,0.4643222903917078
4507,0.47593484752043047,1,1,logistic_regression,0.4643222903917078
4508,0.4834914941936374,1,1,logistic_regression,0.4643222903917078
4509,0.505676953047697,1,1,logistic_regression,0.4643222903917078
4511,0.5022562409712387,1,0,logistic_regression,0.4643222903917078
4512,0.5834393097378929,1,1,logistic_regression,0.4643222903917078
4513,0.48995129746047333,1,0,logistic_regression,0.4643222903917078
4514,0.5736224449009012,1,0,logistic_regression,0.4643222903917078
4517,0.5813094592552583,1,1,logistic_regression,0.4643222903917078
4520,0.510856071880328,1,1,logistic_regression,0.4643222903917078
4521,0.5018117862500451,1,0,logistic_regression,0.4643222903917078
4525,0.48412416039872697,1,1,logistic_regression,0.4643222903917078
4529,0.5809826965197303,1,1,logistic_regression,0.4643222903917078
4530,0.5213841431938429,1,0,logistic_regression,0.4643222903917078
4534,0.5709031738509482,1,1,logistic_regression,0.4643222903917078
4535,0.5536765186071291,1,0,logistic_regression,0.4643222903917078
4536,0.41508661207066105,0,0,logistic_regression,0.4643222903917078
4538,0.4611153161282203,0,0,logistic_regression,0.4643222903917078
4542,0.5288842443182573,1,1,logistic_regression,0.4643222903917078
4543,0.49186898599798995,1,1,logistic_regression,0.4643222903917078
4547,0.4467965574139531,0,1,logistic_regression,0.4643222903917078
4550,0.5090805287004466,1,1,logistic_regression,0.4643222903917078
4551,0.615019360260036,1,1,logistic_regression,0.4643222903917078
4556,0.5487945768675249,1,1,logistic_regression,0.4643222903917078
4558,0.6334562430478452,1,1,logistic_regression,0.4643222903917078
4560,0.6011542030930545,1,1,logistic_regression,0.4643222903917078
4562,0.4772550500990255,1,1,logistic_regression,0.4643222903917078
4563,0.6313059366959595,1,1,logistic_regression,0.4643222903917078
4564,0.4985951504713125,1,1,logistic_regression,0.4643222903917078
4565,0.5183545843578464,1,1,logistic_regression,0.4643222903917078
4578,0.566886704656803,1,1,logistic_regression,0.4643222903917078
4579,0.5974941209791819,1,1,logistic_regression,0.4643222903917078
4580,0.5496899690987334,1,0,logistic_regression,0.4643222903917078
4581,0.5427694210917502,1,1,logistic_regression,0.4643222903917078
4585,0.5489643342141023,1,1,logistic_regression,0.4643222903917078
4587,0.5549725387489826,1,1,logistic_regression,0.4643222903917078
4590,0.5392875005015662,1,1,logistic_regression,0.4643222903917078
4591,0.5413298185335987,1,1,logistic_regression,0.4643222903917078
4592,0.4751733071739046,1,1,logistic_regression,0.4643222903917078
4593,0.5251174138863444,1,1,logistic_regression,0.4643222903917078
4595,0.5863765711225781,1,1,logistic_regression,0.4643222903917078
4596,0.5466592084128301,1,0,logistic_regression,0.4643222903917078
4598,0.5728863439663655,1,0,logistic_regression,0.4643222903917078
4599,0.5690521853307717,1,1,logistic_regression,0.4643222903917078
4600,0.5788554724214283,1,1,logistic_regression,0.4643222903917078
4602,0.5233896868769926,1,0,logistic_regression,0.4643222903917078
4609,0.5756156596336547,1,1,logistic_regression,0.4643222903917078
4612,0.5717356966270594,1,1,logistic_regression,0.4643222903917078
4614,0.5379697720713126,1,1,logistic_regression,0.4643222903917078
4615,0.5414524820347784,1,1,logistic_regression,0.4643222903917078
4617,0.4428495211819863,0,1,logistic_regression,0.4643222903917078
4619,0.5074175684153494,1,1,logistic_regression,0.4643222903917078
4622,0.5715109069077017,1,1,logistic_regression,0.4643222903917078
4623,0.5212478804060663,1,1,logistic_regression,0.4643222903917078
4629,0.5739090445151165,1,1,logistic_regression,0.4643222903917078
4630,0.5909502215903002,1,1,logistic_regression,0.4643222903917078
4635,0.5732313107839214,1,0,logistic_regression,0.4643222903917078
4637,0.5766591967064483,1,1,logistic_regression,0.4643222903917078
4638,0.5368137090080243,1,0,logistic_regression,0.4643222903917078
4640,0.571025259291199,1,1,logistic_regression,0.4643222903917078
4641,0.5323828060898225,1,1,logistic_regression,0.4643222903917078
4642,0.5220417739347208,1,1,logistic_regression,0.4643222903917078
4644,0.6172563508194653,1,0,logistic_regression,0.4643222903917078
4645,0.5054911643423328,1,1,logistic_regression,0.4643222903917078
4646,0.521176809392331,1,1,logistic_regression,0.4643222903917078
4649,0.5337235406920213,1,0,logistic_regression,0.4643222903917078
4650,0.5962625252118338,1,0,logistic_regression,0.4643222903917078
4651,0.5287569623303383,1,1,logistic_regression,0.4643222903917078
4652,0.6040248450509048,1,1,logistic_regression,0.4643222903917078
4654,0.5597073293342743,1,1,logistic_regression,0.4643222903917078
4656,0.5306025938053068,1,0,logistic_regression,0.4643222903917078
4662,0.5822461602828004,1,1,logistic_regression,0.4643222903917078
4664,0.5565695638253659,1,1,logistic_regression,0.4643222903917078
4665,0.5629200781528674,1,1,logistic_regression,0.4643222903917078
4667,0.5116594638065584,1,1,logistic_regression,0.4643222903917078
4669,0.49379603866139804,1,0,logistic_regression,0.4643222903917078
4670,0.524365564164891,1,1,logistic_regression,0.4643222903917078
4673,0.5301196291684022,1,1,logistic_regression,0.4643222903917078
4675,0.5377210105740321,1,1,logistic_regression,0.4643222903917078
4676,0.5042875605281816,1,0,logistic_regression,0.4643222903917078
4679,0.5997151158193252,1,1,logistic_regression,0.4643222903917078
4682,0.5540776495598871,1,1,logistic_regression,0.4643222903917078
4689,0.5796458229809868,1,1,logistic_regression,0.4643222903917078
4691,0.5835599307649751,1,1,logistic_regression,0.4643222903917078
4692,0.5486283491282347,1,1,logistic_regression,0.4643222903917078
4693,0.5305086040396776,1,0,logistic_regression,0.4643222903917078
4699,0.6206329536476983,1,1,logistic_regression,0.4643222903917078
4700,0.5563516730179366,1,1,logistic_regression,0.4643222903917078
4701,0.5740409172328728,1,1,logistic_regression,0.4643222903917078
4702,0.5453743681830654,1,1,logistic_regression,0.4643222903917078
4706,0.5778629412497776,1,1,logistic_regression,0.4643222903917078
4708,0.5803925643370361,1,1,logistic_regression,0.4643222903917078
4710,0.539265958184658,1,1,logistic_regression,0.4643222903917078
4712,0.5457647348320512,1,0,logistic_regression,0.4643222903917078
4713,0.5442965433774999,1,1,logistic_regression,0.4643222903917078
4714,0.5564462836268158,1,1,logistic_regression,0.4643222903917078
4716,0.5845294962787362,1,1,logistic_regression,0.4643222903917078
4717,0.5721972305644871,1,0,logistic_regression,0.4643222903917078
4718,0.6191736994570817,1,1,logistic_regression,0.4643222903917078
4721,0.5346490678945648,1,1,logistic_regression,0.4643222903917078
4722,0.5604035752079449,1,0,logistic_regression,0.4643222903917078
4726,0.5336307551610424,1,1,logistic_regression,0.4643222903917078
4729,0.544968653199572,1,0,logistic_regression,0.4643222903917078
4730,0.5969122668857699,1,1,logistic_regression,0.4643222903917078
4737,0.49538964057885615,1,1,logistic_regression,0.4643222903917078
4738,0.5352527284065464,1,0,logistic_regression,0.4643222903917078
4741,0.5912009076989319,1,1,logistic_regression,0.4643222903917078
4742,0.5742902082552931,1,1,logistic_regression,0.4643222903917078
4744,0.578605332730644,1,1,logistic_regression,0.4643222903917078
4746,0.5899168015330122,1,1,logistic_regression,0.4643222903917078
4747,0.5802109886817934,1,0,logistic_regression,0.4643222903917078
4750,0.5752044909444284,1,1,logistic_regression,0.4643222903917078
4751,0.5375269194027348,1,1,logistic_regression,0.4643222903917078
4755,0.6217623714675606,1,1,logistic_regression,0.4643222903917078
4756,0.5649467677159188,1,1,logistic_regression,0.4643222903917078
4757,0.5183545465255257,1,1,logistic_regression,0.4643222903917078
4759,0.5393302683350979,1,1,logistic_regression,0.4643222903917078
4760,0.5298756371566689,1,1,logistic_regression,0.4643222903917078
4763,0.5933152773989934,1,0,logistic_regression,0.4643222903917078
4764,0.5424528058761926,1,1,logistic_regression,0.4643222903917078
4765,0.6212623233536004,1,1,logistic_regression,0.4643222903917078
4768,0.6213809931654649,1,1,logistic_regression,0.4643222903917078
4769,0.5803656866253243,1,1,logistic_regression,0.4643222903917078
4775,0.6259169341551535,1,1,logistic_regression,0.4643222903917078
4780,0.48916226953763964,1,1,logistic_regression,0.4643222903917078
4781,0.5677813697577749,1,1,logistic_regression,0.4643222903917078
4782,0.5118029444567003,1,1,logistic_regression,0.4643222903917078
4783,0.5905008793985769,1,1,logistic_regression,0.4643222903917078
4784,0.5994061083533907,1,1,logistic_regression,0.4643222903917078
4786,0.5373633670262735,1,1,logistic_regression,0.4643222903917078
4787,0.5855373296014484,1,1,logistic_regression,0.4643222903917078
4788,0.5390343106071253,1,1,logistic_regression,0.4643222903917078
4790,0.5393680490869791,1,1,logistic_regression,0.4643222903917078
4791,0.6039199624914492,1,1,logistic_regression,0.4643222903917078
4792,0.5597897465283842,1,0,logistic_regression,0.4643222903917078
4793,0.5584156124809724,1,1,logistic_regression,0.4643222903917078
4794,0.5684123230792337,1,1,logistic_regression,0.4643222903917078
4795,0.5668299600586075,1,1,logistic_regression,0.4643222903917078
4796,0.5172580228290115,1,0,logistic_regression,0.4643222903917078
4799,0.6135351858803014,1,1,logistic_regression,0.4643222903917078
4800,0.5673784310296026,1,1,logistic_regression,0.4643222903917078
4803,0.5256613625293718,1,1,logistic_regression,0.4643222903917078
4807,0.5791143685573087,1,1,logistic_regression,0.4643222903917078
4808,0.4511901883001921,0,1,logistic_regression,0.4643222903917078
4811,0.535926409624214,1,1,logistic_regression,0.4643222903917078
4812,0.6080737983596153,1,1,logistic_regression,0.4643222903917078
4817,0.562973942783649,1,1,logistic_regression,0.4643222903917078
4818,0.5520085467028241,1,1,logistic_regression,0.4643222903917078
4819,0.6060582871992384,1,1,logistic_regression,0.4643222903917078
4821,0.49565216284040053,1,1,logistic_regression,0.4643222903917078
4822,0.558865006268933,1,1,logistic_regression,0.4643222903917078
4823,0.5064439229676261,1,1,logistic_regression,0.4643222903917078
4825,0.5343480346399987,1,1,logistic_regression,0.4643222903917078
4828,0.6045723493638739,1,1,logistic_regression,0.4643222903917078
4831,0.5851230438400501,1,1,logistic_regression,0.4643222903917078
4833,0.5520339843370421,1,1,logistic_regression,0.4643222903917078
4836,0.5020722767263159,1,0,logistic_regression,0.4643222903917078
4838,0.6319116338450915,1,1,logistic_regression,0.4643222903917078
4839,0.5188479236717902,1,0,logistic_regression,0.4643222903917078
4840,0.6227621931786901,1,0,logistic_regression,0.4643222903917078
4844,0.6407853615482081,1,1,logistic_regression,0.4643222903917078
4845,0.5469059485662278,1,0,logistic_regression,0.4643222903917078
4848,0.5697086772259977,1,0,logistic_regression,0.4643222903917078
4849,0.5955203728968496,1,0,logistic_regression,0.4643222903917078
4850,0.587445501343397,1,1,logistic_regression,0.4643222903917078
4851,0.5250992932200309,1,1,logistic_regression,0.4643222903917078
4853,0.5656536710097534,1,1,logistic_regression,0.4643222903917078
4855,0.4853062953739056,1,1,logistic_regression,0.4643222903917078
4857,0.5432189264072488,1,1,logistic_regression,0.4643222903917078
4858,0.5247542267975603,1,1,logistic_regression,0.4643222903917078
4861,0.5601219940747714,1,1,logistic_regression,0.4643222903917078
4867,0.5918788428731137,1,0,logistic_regression,0.4643222903917078
4871,0.605936282541545,1,1,logistic_regression,0.4643222903917078
4872,0.5522210883692835,1,1,logistic_regression,0.4643222903917078
4874,0.5876804861137804,1,1,logistic_regression,0.4643222903917078
4875,0.595571981031974,1,0,logistic_regression,0.4643222903917078
4876,0.5587790839012382,1,1,logistic_regression,0.4643222903917078
4878,0.5883049981999883,1,1,logistic_regression,0.4643222903917078
4879,0.5577444108326322,1,0,logistic_regression,0.4643222903917078
4880,0.5665161376642471,1,0,logistic_regression,0.4643222903917078
4882,0.5908603183020925,1,1,logistic_regression,0.4643222903917078
4885,0.4938846754100354,1,0,logistic_regression,0.4643222903917078
4886,0.5330292322947264,1,1,logistic_regression,0.4643222903917078
4887,0.5576793854695291,1,1,logistic_regression,0.4643222903917078
4893,0.5456130151428964,1,1,logistic_regression,0.4643222903917078
4894,0.5555900406125825,1,1,logistic_regression,0.4643222903917078
4895,0.558522729646231,1,0,logistic_regression,0.4643222903917078
4896,0.5968817617591144,1,1,logistic_regression,0.4643222903917078
4898,0.570307283994295,1,1,logistic_regression,0.4643222903917078
4899,0.5460244787113152,1,0,logistic_regression,0.4643222903917078
4900,0.5178065339330266,1,1,logistic_regression,0.4643222903917078
4904,0.566198939529426,1,1,logistic_regression,0.4643222903917078
4905,0.5412628413991143,1,0,logistic_regression,0.4643222903917078
4909,0.3955134903974885,0,0,logistic_regression,0.4643222903917078
4911,0.5195592131792729,1,1,logistic_regression,0.4643222903917078
4914,0.5778220189854092,1,0,logistic_regression,0.4643222903917078
4920,0.5890161868960685,1,1,logistic_regression,0.4643222903917078
4926,0.5823808814699052,1,0,logistic_regression,0.4643222903917078
4928,0.5724732414067506,1,1,logistic_regression,0.4643222903917078
4932,0.5584579944294856,1,1,logistic_regression,0.4643222903917078
4933,0.491586877451454,1,1,logistic_regression,0.4643222903917078
4934,0.4952818555624693,1,1,logistic_regression,0.4643222903917078
4939,0.6110884565533835,1,1,logistic_regression,0.4643222903917078
4940,0.5633821686227702,1,1,logistic_regression,0.4643222903917078
4944,0.4557091544255831,0,1,logistic_regression,0.4643222903917078
4949,0.5473697410088647,1,1,logistic_regression,0.4643222903917078
4950,0.608396434087597,1,1,logistic_regression,0.4643222903917078
4952,0.5552834106577299,1,1,logistic_regression,0.4643222903917078
4953,0.5121656574653296,1,1,logistic_regression,0.4643222903917078
4956,0.5510242704006875,1,1,logistic_regression,0.4643222903917078
4957,0.5118003533264943,1,1,logistic_regression,0.4643222903917078
4962,0.5686945919694877,1,0,logistic_regression,0.4643222903917078
4963,0.4059571789376168,0,1,logistic_regression,0.4643222903917078
4965,0.5967185851102135,1,1,logistic_regression,0.4643222903917078
4966,0.5676438762438435,1,1,logistic_regression,0.4643222903917078
4972,0.5447122146699986,1,1,logistic_regression,0.4643222903917078
4973,0.5668837333542281,1,1,logistic_regression,0.4643222903917078
4975,0.5655652518661678,1,1,logistic_regression,0.4643222903917078
4978,0.562848545245348,1,0,logistic_regression,0.4643222903917078
4980,0.5701128381930938,1,1,logistic_regression,0.4643222903917078
4981,0.5153757423382646,1,1,logistic_regression,0.4643222903917078
4984,0.5690483991090673,1,0,logistic_regression,0.4643222903917078
4985,0.5353596833224455,1,1,logistic_regression,0.4643222903917078
4986,0.537902479739727,1,0,logistic_regression,0.4643222903917078
4987,0.6162917120285808,1,1,logistic_regression,0.4643222903917078
4990,0.51550369534907,1,1,logistic_regression,0.4643222903917078
4994,0.5154474271298093,1,1,logistic_regression,0.4643222903917078
4996,0.5771292296075906,1,1,logistic_regression,0.4643222903917078
4998,0.5953097209567034,1,1,logistic_regression,0.4643222903917078
4999,0.5838772196402637,1,1,logistic_regression,0.4643222903917078
5000,0.486943511524003,1,1,logistic_regression,0.4643222903917078
